-5.000000e-09, 5.555556e+00, 1.000000e+00, 3.000000e+00
-5.000000e-09, 5.555556e+00, 2.000000e+00, 4.000000e+00
-5.000000e-09, 1.111111e+01, 1.000000e+00, 3.000000e+00
-5.000000e-09, 1.111111e+01, 2.000000e+00, 4.000000e+00
-5.000000e-09, 1.111111e+01, 3.000000e+00, 4.000000e+00
-5.000000e-09, 1.111111e+01, 4.000000e+00, 5.000000e+00
-5.000000e-09, 1.388889e+01, 1.000000e+00, 3.000000e+00
-5.000000e-09, 1.388889e+01, 2.000000e+00, 4.000000e+00
-5.000000e-09, 1.388889e+01, 3.000000e+00, 4.000000e+00
-5.000000e-09, 1.388889e+01, 4.000000e+00, 5.000000e+00
-5.000000e-09, 1.388889e+01, 5.000000e+00, 5.000000e+00
-5.000000e-09, 1.944444e+01, 1.000000e+00, 3.000000e+00
-5.000000e-09, 1.944444e+01, 2.000000e+00, 4.000000e+00
-5.000000e-09, 1.944444e+01, 3.000000e+00, 4.000000e+00
-5.000000e-09, 1.944444e+01, 4.000000e+00, 5.000000e+00
-5.000000e-09, 1.944444e+01, 5.000000e+00, 5.000000e+00
-5.000000e-09, 1.944444e+01, 6.000000e+00, 5.000000e+00
-5.000000e-09, 1.944444e+01, 7.000000e+00, 6.000000e+00
-5.000000e-09, 2.222222e+01, 1.000000e+00, 3.000000e+00
-5.000000e-09, 2.222222e+01, 2.000000e+00, 4.000000e+00
-5.000000e-09, 2.222222e+01, 3.000000e+00, 4.000000e+00
-5.000000e-09, 2.222222e+01, 4.000000e+00, 5.000000e+00
-5.000000e-09, 2.222222e+01, 5.000000e+00, 5.000000e+00
-5.000000e-09, 2.222222e+01, 6.000000e+00, 5.000000e+00
-5.000000e-09, 2.222222e+01, 7.000000e+00, 6.000000e+00
-5.000000e-09, 2.222222e+01, 8.000000e+00, 6.000000e+00
-5.000000e-09, 2.777778e+01, 1.000000e+00, 3.000000e+00
-5.000000e-09, 2.777778e+01, 2.000000e+00, 4.000000e+00
-5.000000e-09, 2.777778e+01, 3.000000e+00, 4.000000e+00
-5.000000e-09, 2.777778e+01, 4.000000e+00, 5.000000e+00
-5.000000e-09, 2.777778e+01, 5.000000e+00, 5.000000e+00
-5.000000e-09, 2.777778e+01, 6.000000e+00, 5.000000e+00
-5.000000e-09, 2.777778e+01, 7.000000e+00, 6.000000e+00
-5.000000e-09, 2.777778e+01, 8.000000e+00, 6.000000e+00
-5.000000e-09, 2.777778e+01, 9.000000e+00, 6.000000e+00
-5.000000e-09, 2.777778e+01, 1.000000e+01, 6.000000e+00
-5.000000e-09, 3.055556e+01, 1.000000e+00, 3.000000e+00
-5.000000e-09, 3.055556e+01, 2.000000e+00, 4.000000e+00
-5.000000e-09, 3.055556e+01, 3.000000e+00, 4.000000e+00
-5.000000e-09, 3.055556e+01, 4.000000e+00, 5.000000e+00
-5.000000e-09, 3.055556e+01, 5.000000e+00, 5.000000e+00
-5.000000e-09, 3.055556e+01, 6.000000e+00, 5.000000e+00
-5.000000e-09, 3.055556e+01, 7.000000e+00, 6.000000e+00
-5.000000e-09, 3.055556e+01, 8.000000e+00, 6.000000e+00
-5.000000e-09, 3.055556e+01, 9.000000e+00, 6.000000e+00
-5.000000e-09, 3.055556e+01, 1.000000e+01, 6.000000e+00
-5.000000e-09, 3.055556e+01, 1.100000e+01, 7.000000e+00
-5.000000e-09, 3.333333e+01, 1.000000e+00, 3.000000e+00
-5.000000e-09, 3.333333e+01, 2.000000e+00, 4.000000e+00
-5.000000e-09, 3.333333e+01, 3.000000e+00, 4.000000e+00
-5.000000e-09, 3.333333e+01, 4.000000e+00, 5.000000e+00
-5.000000e-09, 3.333333e+01, 5.000000e+00, 5.000000e+00
-5.000000e-09, 3.333333e+01, 6.000000e+00, 5.000000e+00
-5.000000e-09, 3.333333e+01, 7.000000e+00, 6.000000e+00
-5.000000e-09, 3.333333e+01, 8.000000e+00, 6.000000e+00
-5.000000e-09, 3.333333e+01, 9.000000e+00, 6.000000e+00
-5.000000e-09, 3.333333e+01, 1.000000e+01, 6.000000e+00
-5.000000e-09, 3.333333e+01, 1.100000e+01, 7.000000e+00
-5.000000e-09, 3.333333e+01, 1.200000e+01, 7.000000e+00
-5.000000e-09, 3.888889e+01, 1.000000e+00, 3.000000e+00
-5.000000e-09, 3.888889e+01, 2.000000e+00, 4.000000e+00
-5.000000e-09, 3.888889e+01, 3.000000e+00, 4.000000e+00
-5.000000e-09, 3.888889e+01, 4.000000e+00, 5.000000e+00
-5.000000e-09, 3.888889e+01, 5.000000e+00, 5.000000e+00
-5.000000e-09, 3.888889e+01, 6.000000e+00, 5.000000e+00
-5.000000e-09, 3.888889e+01, 7.000000e+00, 6.000000e+00
-5.000000e-09, 3.888889e+01, 8.000000e+00, 6.000000e+00
-5.000000e-09, 3.888889e+01, 9.000000e+00, 6.000000e+00
-5.000000e-09, 3.888889e+01, 1.000000e+01, 6.000000e+00
-5.000000e-09, 3.888889e+01, 1.100000e+01, 7.000000e+00
-5.000000e-09, 3.888889e+01, 1.200000e+01, 7.000000e+00
-5.000000e-09, 3.888889e+01, 1.300000e+01, 7.000000e+00
-5.000000e-09, 3.888889e+01, 1.400000e+01, 7.000000e+00
-5.000000e-08, 3.513333e+00, 1.000000e+00, 5.000000e+00
-5.000000e-08, 3.513333e+00, 3.000000e+00, 7.000000e+00
-5.000000e-08, 5.270000e+00, 1.000000e+00, 5.000000e+00
-5.000000e-08, 5.270000e+00, 3.000000e+00, 7.000000e+00
-5.000000e-08, 5.270000e+00, 5.000000e+00, 8.000000e+00
-5.000000e-08, 7.905000e+00, 1.000000e+00, 5.000000e+00
-5.000000e-08, 7.905000e+00, 3.000000e+00, 7.000000e+00
-5.000000e-08, 7.905000e+00, 5.000000e+00, 8.000000e+00
-5.000000e-08, 7.905000e+00, 7.000000e+00, 1.000000e+01
-5.000000e-08, 7.905000e+00, 9.000000e+00, 1.100000e+01
-5.000000e-08, 1.141833e+01, 1.000000e+00, 5.000000e+00
-5.000000e-08, 1.141833e+01, 3.000000e+00, 7.000000e+00
-5.000000e-08, 1.141833e+01, 5.000000e+00, 8.000000e+00
-5.000000e-08, 1.141833e+01, 7.000000e+00, 1.000000e+01
-5.000000e-08, 1.141833e+01, 9.000000e+00, 1.100000e+01
-5.000000e-08, 1.141833e+01, 1.100000e+01, 1.200000e+01
-5.000000e-08, 1.141833e+01, 1.300000e+01, 1.300000e+01
-5.000000e-08, 1.581000e+01, 1.000000e+00, 5.000000e+00
-5.000000e-08, 1.581000e+01, 3.000000e+00, 7.000000e+00
-5.000000e-08, 1.581000e+01, 5.000000e+00, 8.000000e+00
-5.000000e-08, 1.581000e+01, 7.000000e+00, 1.000000e+01
-5.000000e-08, 1.581000e+01, 9.000000e+00, 1.100000e+01
-5.000000e-08, 1.581000e+01, 1.100000e+01, 1.200000e+01
-5.000000e-08, 1.581000e+01, 1.300000e+01, 1.300000e+01
-5.000000e-08, 1.581000e+01, 1.500000e+01, 1.300000e+01
-5.000000e-08, 1.581000e+01, 1.700000e+01, 1.400000e+01
-5.000000e-08, 1.932333e+01, 1.000000e+00, 5.000000e+00
-5.000000e-08, 1.932333e+01, 3.000000e+00, 7.000000e+00
-5.000000e-08, 1.932333e+01, 5.000000e+00, 8.000000e+00
-5.000000e-08, 1.932333e+01, 7.000000e+00, 1.000000e+01
-5.000000e-08, 1.932333e+01, 9.000000e+00, 1.100000e+01
-5.000000e-08, 1.932333e+01, 1.100000e+01, 1.200000e+01
-5.000000e-08, 1.932333e+01, 1.300000e+01, 1.300000e+01
-5.000000e-08, 1.932333e+01, 1.500000e+01, 1.300000e+01
-5.000000e-08, 1.932333e+01, 1.700000e+01, 1.400000e+01
-5.000000e-08, 1.932333e+01, 1.900000e+01, 1.500000e+01
-5.000000e-08, 1.932333e+01, 2.100000e+01, 1.500000e+01
-5.000000e-08, 2.371500e+01, 1.000000e+00, 5.000000e+00
-5.000000e-08, 2.371500e+01, 3.000000e+00, 7.000000e+00
-5.000000e-08, 2.371500e+01, 5.000000e+00, 8.000000e+00
-5.000000e-08, 2.371500e+01, 7.000000e+00, 1.000000e+01
-5.000000e-08, 2.371500e+01, 9.000000e+00, 1.100000e+01
-5.000000e-08, 2.371500e+01, 1.100000e+01, 1.200000e+01
-5.000000e-08, 2.371500e+01, 1.300000e+01, 1.300000e+01
-5.000000e-08, 2.371500e+01, 1.500000e+01, 1.300000e+01
-5.000000e-08, 2.371500e+01, 1.700000e+01, 1.400000e+01
-5.000000e-08, 2.371500e+01, 1.900000e+01, 1.500000e+01
-5.000000e-08, 2.371500e+01, 2.100000e+01, 1.500000e+01
-5.000000e-08, 2.371500e+01, 2.300000e+01, 1.600000e+01
-5.000000e-08, 2.371500e+01, 2.500000e+01, 1.700000e+01
-5.000000e-08, 2.371500e+01, 2.700000e+01, 1.700000e+01
-5.000000e-08, 2.722833e+01, 1.000000e+00, 5.000000e+00
-5.000000e-08, 2.722833e+01, 3.000000e+00, 7.000000e+00
-5.000000e-08, 2.722833e+01, 5.000000e+00, 8.000000e+00
-5.000000e-08, 2.722833e+01, 7.000000e+00, 1.000000e+01
-5.000000e-08, 2.722833e+01, 9.000000e+00, 1.100000e+01
-5.000000e-08, 2.722833e+01, 1.100000e+01, 1.200000e+01
-5.000000e-08, 2.722833e+01, 1.300000e+01, 1.300000e+01
-5.000000e-08, 2.722833e+01, 1.500000e+01, 1.300000e+01
-5.000000e-08, 2.722833e+01, 1.700000e+01, 1.400000e+01
-5.000000e-08, 2.722833e+01, 1.900000e+01, 1.500000e+01
-5.000000e-08, 2.722833e+01, 2.100000e+01, 1.500000e+01
-5.000000e-08, 2.722833e+01, 2.300000e+01, 1.600000e+01
-5.000000e-08, 2.722833e+01, 2.500000e+01, 1.700000e+01
-5.000000e-08, 2.722833e+01, 2.700000e+01, 1.700000e+01
-5.000000e-08, 2.722833e+01, 2.900000e+01, 1.800000e+01
-5.000000e-08, 2.722833e+01, 3.100000e+01, 1.800000e+01
-5.000000e-08, 3.162000e+01, 1.000000e+00, 5.000000e+00
-5.000000e-08, 3.162000e+01, 3.000000e+00, 7.000000e+00
-5.000000e-08, 3.162000e+01, 5.000000e+00, 8.000000e+00
-5.000000e-08, 3.162000e+01, 7.000000e+00, 1.000000e+01
-5.000000e-08, 3.162000e+01, 9.000000e+00, 1.100000e+01
-5.000000e-08, 3.162000e+01, 1.100000e+01, 1.200000e+01
-5.000000e-08, 3.162000e+01, 1.300000e+01, 1.300000e+01
-5.000000e-08, 3.162000e+01, 1.500000e+01, 1.300000e+01
-5.000000e-08, 3.162000e+01, 1.700000e+01, 1.400000e+01
-5.000000e-08, 3.162000e+01, 1.900000e+01, 1.500000e+01
-5.000000e-08, 3.162000e+01, 2.100000e+01, 1.500000e+01
-5.000000e-08, 3.162000e+01, 2.300000e+01, 1.600000e+01
-5.000000e-08, 3.162000e+01, 2.500000e+01, 1.700000e+01
-5.000000e-08, 3.162000e+01, 2.700000e+01, 1.700000e+01
-5.000000e-08, 3.162000e+01, 2.900000e+01, 1.800000e+01
-5.000000e-08, 3.162000e+01, 3.100000e+01, 1.800000e+01
-5.000000e-08, 3.162000e+01, 3.300000e+01, 1.900000e+01
-5.000000e-08, 3.162000e+01, 3.500000e+01, 1.900000e+01
-5.000000e-07, 3.888889e+00, 1.000000e+00, 8.000000e+00
-5.000000e-07, 3.888889e+00, 3.000000e+00, 1.200000e+01
-5.000000e-07, 3.888889e+00, 5.000000e+00, 1.500000e+01
-5.000000e-07, 3.888889e+00, 7.000000e+00, 1.700000e+01
-5.000000e-07, 3.888889e+00, 9.000000e+00, 1.900000e+01
-5.000000e-07, 3.888889e+00, 1.100000e+01, 2.100000e+01
-5.000000e-07, 3.888889e+00, 1.300000e+01, 2.300000e+01
-5.000000e-07, 5.277778e+00, 1.000000e+00, 8.000000e+00
-5.000000e-07, 5.277778e+00, 3.000000e+00, 1.200000e+01
-5.000000e-07, 5.277778e+00, 5.000000e+00, 1.500000e+01
-5.000000e-07, 5.277778e+00, 7.000000e+00, 1.700000e+01
-5.000000e-07, 5.277778e+00, 9.000000e+00, 1.900000e+01
-5.000000e-07, 5.277778e+00, 1.100000e+01, 2.100000e+01
-5.000000e-07, 5.277778e+00, 1.300000e+01, 2.300000e+01
-5.000000e-07, 5.277778e+00, 1.500000e+01, 2.400000e+01
-5.000000e-07, 5.277778e+00, 1.700000e+01, 2.600000e+01
-5.000000e-07, 5.277778e+00, 1.900000e+01, 2.700000e+01
-5.000000e-07, 7.777778e+00, 1.000000e+00, 8.000000e+00
-5.000000e-07, 7.777778e+00, 3.000000e+00, 1.200000e+01
-5.000000e-07, 7.777778e+00, 5.000000e+00, 1.500000e+01
-5.000000e-07, 7.777778e+00, 7.000000e+00, 1.700000e+01
-5.000000e-07, 7.777778e+00, 9.000000e+00, 1.900000e+01
-5.000000e-07, 7.777778e+00, 1.100000e+01, 2.100000e+01
-5.000000e-07, 7.777778e+00, 1.300000e+01, 2.300000e+01
-5.000000e-07, 7.777778e+00, 1.500000e+01, 2.400000e+01
-5.000000e-07, 7.777778e+00, 1.700000e+01, 2.600000e+01
-5.000000e-07, 7.777778e+00, 1.900000e+01, 2.700000e+01
-5.000000e-07, 7.777778e+00, 2.100000e+01, 2.800000e+01
-5.000000e-07, 7.777778e+00, 2.300000e+01, 2.900000e+01
-5.000000e-07, 7.777778e+00, 2.500000e+01, 3.000000e+01
-5.000000e-07, 7.777778e+00, 2.700000e+01, 3.100000e+01
-5.000000e-07, 1.194444e+01, 1.000000e+00, 8.000000e+00
-5.000000e-07, 1.194444e+01, 3.000000e+00, 1.200000e+01
-5.000000e-07, 1.194444e+01, 5.000000e+00, 1.500000e+01
-5.000000e-07, 1.194444e+01, 7.000000e+00, 1.700000e+01
-5.000000e-07, 1.194444e+01, 9.000000e+00, 1.900000e+01
-5.000000e-07, 1.194444e+01, 1.100000e+01, 2.100000e+01
-5.000000e-07, 1.194444e+01, 1.300000e+01, 2.300000e+01
-5.000000e-07, 1.194444e+01, 1.500000e+01, 2.400000e+01
-5.000000e-07, 1.194444e+01, 1.700000e+01, 2.600000e+01
-5.000000e-07, 1.194444e+01, 1.900000e+01, 2.700000e+01
-5.000000e-07, 1.194444e+01, 2.100000e+01, 2.800000e+01
-5.000000e-07, 1.194444e+01, 2.300000e+01, 2.900000e+01
-5.000000e-07, 1.194444e+01, 2.500000e+01, 3.000000e+01
-5.000000e-07, 1.194444e+01, 2.700000e+01, 3.100000e+01
-5.000000e-07, 1.194444e+01, 2.900000e+01, 3.200000e+01
-5.000000e-07, 1.194444e+01, 3.100000e+01, 3.300000e+01
-5.000000e-07, 1.194444e+01, 3.300000e+01, 3.400000e+01
-5.000000e-07, 1.194444e+01, 3.500000e+01, 3.500000e+01
-5.000000e-07, 1.194444e+01, 3.700000e+01, 3.600000e+01
-5.000000e-07, 1.194444e+01, 3.900000e+01, 3.700000e+01
-5.000000e-07, 1.194444e+01, 4.100000e+01, 3.800000e+01
-5.000000e-07, 1.194444e+01, 4.300000e+01, 3.900000e+01
-5.000000e-07, 1.583333e+01, 1.000000e+00, 8.000000e+00
-5.000000e-07, 1.583333e+01, 3.000000e+00, 1.200000e+01
-5.000000e-07, 1.583333e+01, 5.000000e+00, 1.500000e+01
-5.000000e-07, 1.583333e+01, 7.000000e+00, 1.700000e+01
-5.000000e-07, 1.583333e+01, 9.000000e+00, 1.900000e+01
-5.000000e-07, 1.583333e+01, 1.100000e+01, 2.100000e+01
-5.000000e-07, 1.583333e+01, 1.300000e+01, 2.300000e+01
-5.000000e-07, 1.583333e+01, 1.500000e+01, 2.400000e+01
-5.000000e-07, 1.583333e+01, 1.700000e+01, 2.600000e+01
-5.000000e-07, 1.583333e+01, 1.900000e+01, 2.700000e+01
-5.000000e-07, 1.583333e+01, 2.100000e+01, 2.800000e+01
-5.000000e-07, 1.583333e+01, 2.300000e+01, 2.900000e+01
-5.000000e-07, 1.583333e+01, 2.500000e+01, 3.000000e+01
-5.000000e-07, 1.583333e+01, 2.700000e+01, 3.100000e+01
-5.000000e-07, 1.583333e+01, 2.900000e+01, 3.200000e+01
-5.000000e-07, 1.583333e+01, 3.100000e+01, 3.300000e+01
-5.000000e-07, 1.583333e+01, 3.300000e+01, 3.400000e+01
-5.000000e-07, 1.583333e+01, 3.500000e+01, 3.500000e+01
-5.000000e-07, 1.583333e+01, 3.700000e+01, 3.600000e+01
-5.000000e-07, 1.583333e+01, 3.900000e+01, 3.700000e+01
-5.000000e-07, 1.583333e+01, 4.100000e+01, 3.800000e+01
-5.000000e-07, 1.583333e+01, 4.300000e+01, 3.900000e+01
-5.000000e-07, 1.583333e+01, 4.500000e+01, 4.000000e+01
-5.000000e-07, 1.583333e+01, 4.700000e+01, 4.000000e+01
-5.000000e-07, 1.583333e+01, 4.900000e+01, 4.100000e+01
-5.000000e-07, 1.583333e+01, 5.100000e+01, 4.200000e+01
-5.000000e-07, 1.583333e+01, 5.300000e+01, 4.200000e+01
-5.000000e-07, 1.583333e+01, 5.500000e+01, 4.300000e+01
-5.000000e-07, 1.583333e+01, 5.700000e+01, 4.400000e+01
-5.000000e-07, 2.000000e+01, 1.000000e+00, 8.000000e+00
-5.000000e-07, 2.000000e+01, 3.000000e+00, 1.200000e+01
-5.000000e-07, 2.000000e+01, 5.000000e+00, 1.500000e+01
-5.000000e-07, 2.000000e+01, 7.000000e+00, 1.700000e+01
-5.000000e-07, 2.000000e+01, 9.000000e+00, 1.900000e+01
-5.000000e-07, 2.000000e+01, 1.100000e+01, 2.100000e+01
-5.000000e-07, 2.000000e+01, 1.300000e+01, 2.300000e+01
-5.000000e-07, 2.000000e+01, 1.500000e+01, 2.400000e+01
-5.000000e-07, 2.000000e+01, 1.700000e+01, 2.600000e+01
-5.000000e-07, 2.000000e+01, 1.900000e+01, 2.700000e+01
-5.000000e-07, 2.000000e+01, 2.100000e+01, 2.800000e+01
-5.000000e-07, 2.000000e+01, 2.300000e+01, 2.900000e+01
-5.000000e-07, 2.000000e+01, 2.500000e+01, 3.000000e+01
-5.000000e-07, 2.000000e+01, 2.700000e+01, 3.100000e+01
-5.000000e-07, 2.000000e+01, 2.900000e+01, 3.200000e+01
-5.000000e-07, 2.000000e+01, 3.100000e+01, 3.300000e+01
-5.000000e-07, 2.000000e+01, 3.300000e+01, 3.400000e+01
-5.000000e-07, 2.000000e+01, 3.500000e+01, 3.500000e+01
-5.000000e-07, 2.000000e+01, 3.700000e+01, 3.600000e+01
-5.000000e-07, 2.000000e+01, 3.900000e+01, 3.700000e+01
-5.000000e-07, 2.000000e+01, 4.100000e+01, 3.800000e+01
-5.000000e-07, 2.000000e+01, 4.300000e+01, 3.900000e+01
-5.000000e-07, 2.000000e+01, 4.500000e+01, 4.000000e+01
-5.000000e-07, 2.000000e+01, 4.700000e+01, 4.000000e+01
-5.000000e-07, 2.000000e+01, 4.900000e+01, 4.100000e+01
-5.000000e-07, 2.000000e+01, 5.100000e+01, 4.200000e+01
-5.000000e-07, 2.000000e+01, 5.300000e+01, 4.200000e+01
-5.000000e-07, 2.000000e+01, 5.500000e+01, 4.300000e+01
-5.000000e-07, 2.000000e+01, 5.700000e+01, 4.400000e+01
-5.000000e-07, 2.000000e+01, 5.900000e+01, 4.500000e+01
-5.000000e-07, 2.000000e+01, 6.100000e+01, 4.500000e+01
-5.000000e-07, 2.000000e+01, 6.300000e+01, 4.600000e+01
-5.000000e-07, 2.000000e+01, 6.500000e+01, 4.700000e+01
-5.000000e-07, 2.000000e+01, 6.700000e+01, 4.700000e+01
-5.000000e-07, 2.000000e+01, 6.900000e+01, 4.800000e+01
-5.000000e-07, 2.000000e+01, 7.100000e+01, 4.800000e+01
-5.000000e-07, 2.388889e+01, 1.000000e+00, 8.000000e+00
-5.000000e-07, 2.388889e+01, 3.000000e+00, 1.200000e+01
-5.000000e-07, 2.388889e+01, 5.000000e+00, 1.500000e+01
-5.000000e-07, 2.388889e+01, 7.000000e+00, 1.700000e+01
-5.000000e-07, 2.388889e+01, 9.000000e+00, 1.900000e+01
-5.000000e-07, 2.388889e+01, 1.100000e+01, 2.100000e+01
-5.000000e-07, 2.388889e+01, 1.300000e+01, 2.300000e+01
-5.000000e-07, 2.388889e+01, 1.500000e+01, 2.400000e+01
-5.000000e-07, 2.388889e+01, 1.700000e+01, 2.600000e+01
-5.000000e-07, 2.388889e+01, 1.900000e+01, 2.700000e+01
-5.000000e-07, 2.388889e+01, 2.100000e+01, 2.800000e+01
-5.000000e-07, 2.388889e+01, 2.300000e+01, 2.900000e+01
-5.000000e-07, 2.388889e+01, 2.500000e+01, 3.000000e+01
-5.000000e-07, 2.388889e+01, 2.700000e+01, 3.100000e+01
-5.000000e-07, 2.388889e+01, 2.900000e+01, 3.200000e+01
-5.000000e-07, 2.388889e+01, 3.100000e+01, 3.300000e+01
-5.000000e-07, 2.388889e+01, 3.300000e+01, 3.400000e+01
-5.000000e-07, 2.388889e+01, 3.500000e+01, 3.500000e+01
-5.000000e-07, 2.388889e+01, 3.700000e+01, 3.600000e+01
-5.000000e-07, 2.388889e+01, 3.900000e+01, 3.700000e+01
-5.000000e-07, 2.388889e+01, 4.100000e+01, 3.800000e+01
-5.000000e-07, 2.388889e+01, 4.300000e+01, 3.900000e+01
-5.000000e-07, 2.388889e+01, 4.500000e+01, 4.000000e+01
-5.000000e-07, 2.388889e+01, 4.700000e+01, 4.000000e+01
-5.000000e-07, 2.388889e+01, 4.900000e+01, 4.100000e+01
-5.000000e-07, 2.388889e+01, 5.100000e+01, 4.200000e+01
-5.000000e-07, 2.388889e+01, 5.300000e+01, 4.200000e+01
-5.000000e-07, 2.388889e+01, 5.500000e+01, 4.300000e+01
-5.000000e-07, 2.388889e+01, 5.700000e+01, 4.400000e+01
-5.000000e-07, 2.388889e+01, 5.900000e+01, 4.500000e+01
-5.000000e-07, 2.388889e+01, 6.100000e+01, 4.500000e+01
-5.000000e-07, 2.388889e+01, 6.300000e+01, 4.600000e+01
-5.000000e-07, 2.388889e+01, 6.500000e+01, 4.700000e+01
-5.000000e-07, 2.388889e+01, 6.700000e+01, 4.700000e+01
-5.000000e-07, 2.388889e+01, 6.900000e+01, 4.800000e+01
-5.000000e-07, 2.388889e+01, 7.100000e+01, 4.800000e+01
-5.000000e-07, 2.388889e+01, 7.300000e+01, 4.900000e+01
-5.000000e-07, 2.388889e+01, 7.500000e+01, 5.000000e+01
-5.000000e-07, 2.388889e+01, 7.700000e+01, 5.000000e+01
-5.000000e-07, 2.388889e+01, 7.900000e+01, 5.100000e+01
-5.000000e-07, 2.388889e+01, 8.100000e+01, 5.100000e+01
-5.000000e-07, 2.388889e+01, 8.300000e+01, 5.200000e+01
-5.000000e-07, 2.388889e+01, 8.500000e+01, 5.300000e+01
-5.000000e-07, 2.777778e+01, 1.000000e+00, 8.000000e+00
-5.000000e-07, 2.777778e+01, 3.000000e+00, 1.200000e+01
-5.000000e-07, 2.777778e+01, 5.000000e+00, 1.500000e+01
-5.000000e-07, 2.777778e+01, 7.000000e+00, 1.700000e+01
-5.000000e-07, 2.777778e+01, 9.000000e+00, 1.900000e+01
-5.000000e-07, 2.777778e+01, 1.100000e+01, 2.100000e+01
-5.000000e-07, 2.777778e+01, 1.300000e+01, 2.300000e+01
-5.000000e-07, 2.777778e+01, 1.500000e+01, 2.400000e+01
-5.000000e-07, 2.777778e+01, 1.700000e+01, 2.600000e+01
-5.000000e-07, 2.777778e+01, 1.900000e+01, 2.700000e+01
-5.000000e-07, 2.777778e+01, 2.100000e+01, 2.800000e+01
-5.000000e-07, 2.777778e+01, 2.300000e+01, 2.900000e+01
-5.000000e-07, 2.777778e+01, 2.500000e+01, 3.000000e+01
-5.000000e-07, 2.777778e+01, 2.700000e+01, 3.100000e+01
-5.000000e-07, 2.777778e+01, 2.900000e+01, 3.200000e+01
-5.000000e-07, 2.777778e+01, 3.100000e+01, 3.300000e+01
-5.000000e-07, 2.777778e+01, 3.300000e+01, 3.400000e+01
-5.000000e-07, 2.777778e+01, 3.500000e+01, 3.500000e+01
-5.000000e-07, 2.777778e+01, 3.700000e+01, 3.600000e+01
-5.000000e-07, 2.777778e+01, 3.900000e+01, 3.700000e+01
-5.000000e-07, 2.777778e+01, 4.100000e+01, 3.800000e+01
-5.000000e-07, 2.777778e+01, 4.300000e+01, 3.900000e+01
-5.000000e-07, 2.777778e+01, 4.500000e+01, 4.000000e+01
-5.000000e-07, 2.777778e+01, 4.700000e+01, 4.000000e+01
-5.000000e-07, 2.777778e+01, 4.900000e+01, 4.100000e+01
-5.000000e-07, 2.777778e+01, 5.100000e+01, 4.200000e+01
-5.000000e-07, 2.777778e+01, 5.300000e+01, 4.200000e+01
-5.000000e-07, 2.777778e+01, 5.500000e+01, 4.300000e+01
-5.000000e-07, 2.777778e+01, 5.700000e+01, 4.400000e+01
-5.000000e-07, 2.777778e+01, 5.900000e+01, 4.500000e+01
-5.000000e-07, 2.777778e+01, 6.100000e+01, 4.500000e+01
-5.000000e-07, 2.777778e+01, 6.300000e+01, 4.600000e+01
-5.000000e-07, 2.777778e+01, 6.500000e+01, 4.700000e+01
-5.000000e-07, 2.777778e+01, 6.700000e+01, 4.700000e+01
-5.000000e-07, 2.777778e+01, 6.900000e+01, 4.800000e+01
-5.000000e-07, 2.777778e+01, 7.100000e+01, 4.800000e+01
-5.000000e-07, 2.777778e+01, 7.300000e+01, 4.900000e+01
-5.000000e-07, 2.777778e+01, 7.500000e+01, 5.000000e+01
-5.000000e-07, 2.777778e+01, 7.700000e+01, 5.000000e+01
-5.000000e-07, 2.777778e+01, 7.900000e+01, 5.100000e+01
-5.000000e-07, 2.777778e+01, 8.100000e+01, 5.100000e+01
-5.000000e-07, 2.777778e+01, 8.300000e+01, 5.200000e+01
-5.000000e-07, 2.777778e+01, 8.500000e+01, 5.300000e+01
-5.000000e-07, 2.777778e+01, 8.700000e+01, 5.300000e+01
-5.000000e-07, 2.777778e+01, 8.900000e+01, 5.400000e+01
-5.000000e-07, 2.777778e+01, 9.100000e+01, 5.400000e+01
-5.000000e-07, 2.777778e+01, 9.300000e+01, 5.500000e+01
-5.000000e-07, 2.777778e+01, 9.500000e+01, 5.500000e+01
-5.000000e-07, 2.777778e+01, 9.700000e+01, 5.600000e+01
-5.000000e-07, 2.777778e+01, 9.900000e+01, 5.600000e+01
-5.000000e-07, 3.194444e+01, 1.000000e+00, 8.000000e+00
-5.000000e-07, 3.194444e+01, 3.000000e+00, 1.200000e+01
-5.000000e-07, 3.194444e+01, 5.000000e+00, 1.500000e+01
-5.000000e-07, 3.194444e+01, 7.000000e+00, 1.700000e+01
-5.000000e-07, 3.194444e+01, 9.000000e+00, 1.900000e+01
-5.000000e-07, 3.194444e+01, 1.100000e+01, 2.100000e+01
-5.000000e-07, 3.194444e+01, 1.300000e+01, 2.300000e+01
-5.000000e-07, 3.194444e+01, 1.500000e+01, 2.400000e+01
-5.000000e-07, 3.194444e+01, 1.700000e+01, 2.600000e+01
-5.000000e-07, 3.194444e+01, 1.900000e+01, 2.700000e+01
-5.000000e-07, 3.194444e+01, 2.100000e+01, 2.800000e+01
-5.000000e-07, 3.194444e+01, 2.300000e+01, 2.900000e+01
-5.000000e-07, 3.194444e+01, 2.500000e+01, 3.000000e+01
-5.000000e-07, 3.194444e+01, 2.700000e+01, 3.100000e+01
-5.000000e-07, 3.194444e+01, 2.900000e+01, 3.200000e+01
-5.000000e-07, 3.194444e+01, 3.100000e+01, 3.300000e+01
-5.000000e-07, 3.194444e+01, 3.300000e+01, 3.400000e+01
-5.000000e-07, 3.194444e+01, 3.500000e+01, 3.500000e+01
-5.000000e-07, 3.194444e+01, 3.700000e+01, 3.600000e+01
-5.000000e-07, 3.194444e+01, 3.900000e+01, 3.700000e+01
-5.000000e-07, 3.194444e+01, 4.100000e+01, 3.800000e+01
-5.000000e-07, 3.194444e+01, 4.300000e+01, 3.900000e+01
-5.000000e-07, 3.194444e+01, 4.500000e+01, 4.000000e+01
-5.000000e-07, 3.194444e+01, 4.700000e+01, 4.000000e+01
-5.000000e-07, 3.194444e+01, 4.900000e+01, 4.100000e+01
-5.000000e-07, 3.194444e+01, 5.100000e+01, 4.200000e+01
-5.000000e-07, 3.194444e+01, 5.300000e+01, 4.200000e+01
-5.000000e-07, 3.194444e+01, 5.500000e+01, 4.300000e+01
-5.000000e-07, 3.194444e+01, 5.700000e+01, 4.400000e+01
-5.000000e-07, 3.194444e+01, 5.900000e+01, 4.500000e+01
-5.000000e-07, 3.194444e+01, 6.100000e+01, 4.500000e+01
-5.000000e-07, 3.194444e+01, 6.300000e+01, 4.600000e+01
-5.000000e-07, 3.194444e+01, 6.500000e+01, 4.700000e+01
-5.000000e-07, 3.194444e+01, 6.700000e+01, 4.700000e+01
-5.000000e-07, 3.194444e+01, 6.900000e+01, 4.800000e+01
-5.000000e-07, 3.194444e+01, 7.100000e+01, 4.800000e+01
-5.000000e-07, 3.194444e+01, 7.300000e+01, 4.900000e+01
-5.000000e-07, 3.194444e+01, 7.500000e+01, 5.000000e+01
-5.000000e-07, 3.194444e+01, 7.700000e+01, 5.000000e+01
-5.000000e-07, 3.194444e+01, 7.900000e+01, 5.100000e+01
-5.000000e-07, 3.194444e+01, 8.100000e+01, 5.100000e+01
-5.000000e-07, 3.194444e+01, 8.300000e+01, 5.200000e+01
-5.000000e-07, 3.194444e+01, 8.500000e+01, 5.300000e+01
-5.000000e-07, 3.194444e+01, 8.700000e+01, 5.300000e+01
-5.000000e-07, 3.194444e+01, 8.900000e+01, 5.400000e+01
-5.000000e-07, 3.194444e+01, 9.100000e+01, 5.400000e+01
-5.000000e-07, 3.194444e+01, 9.300000e+01, 5.500000e+01
-5.000000e-07, 3.194444e+01, 9.500000e+01, 5.500000e+01
-5.000000e-07, 3.194444e+01, 9.700000e+01, 5.600000e+01
-5.000000e-07, 3.194444e+01, 9.900000e+01, 5.600000e+01
-5.000000e-07, 3.194444e+01, 1.010000e+02, 5.700000e+01
-5.000000e-07, 3.194444e+01, 1.030000e+02, 5.700000e+01
-5.000000e-07, 3.194444e+01, 1.050000e+02, 5.800000e+01
-5.000000e-07, 3.194444e+01, 1.070000e+02, 5.800000e+01
-5.000000e-07, 3.194444e+01, 1.090000e+02, 5.900000e+01
-5.000000e-07, 3.194444e+01, 1.110000e+02, 5.900000e+01
-5.000000e-07, 3.194444e+01, 1.130000e+02, 6.000000e+01
-5.000000e-07, 3.194444e+01, 1.150000e+02, 6.000000e+01
-5.000000e-06, 3.950000e+00, 1.000000e+00, 1.400000e+01
-5.000000e-06, 3.950000e+00, 3.000000e+00, 2.200000e+01
-5.000000e-06, 3.950000e+00, 5.000000e+00, 2.700000e+01
-5.000000e-06, 3.950000e+00, 7.000000e+00, 3.200000e+01
-5.000000e-06, 3.950000e+00, 9.000000e+00, 3.500000e+01
-5.000000e-06, 3.950000e+00, 1.100000e+01, 3.900000e+01
-5.000000e-06, 3.950000e+00, 1.300000e+01, 4.200000e+01
-5.000000e-06, 3.950000e+00, 1.500000e+01, 4.400000e+01
-5.000000e-06, 3.950000e+00, 1.700000e+01, 4.700000e+01
-5.000000e-06, 3.950000e+00, 1.900000e+01, 4.900000e+01
-5.000000e-06, 3.950000e+00, 2.100000e+01, 5.200000e+01
-5.000000e-06, 3.950000e+00, 2.300000e+01, 5.400000e+01
-5.000000e-06, 3.950000e+00, 2.500000e+01, 5.600000e+01
-5.000000e-06, 3.950000e+00, 2.700000e+01, 5.800000e+01
-5.000000e-06, 3.950000e+00, 2.900000e+01, 6.000000e+01
-5.000000e-06, 3.950000e+00, 3.100000e+01, 6.100000e+01
-5.000000e-06, 3.950000e+00, 3.300000e+01, 6.300000e+01
-5.000000e-06, 3.950000e+00, 3.500000e+01, 6.500000e+01
-5.000000e-06, 3.950000e+00, 3.700000e+01, 6.700000e+01
-5.000000e-06, 3.950000e+00, 3.900000e+01, 6.800000e+01
-5.000000e-06, 3.950000e+00, 4.100000e+01, 7.000000e+01
-5.000000e-06, 3.950000e+00, 4.300000e+01, 7.100000e+01
-5.000000e-06, 3.950000e+00, 4.500000e+01, 7.300000e+01
-5.000000e-06, 5.266667e+00, 1.000000e+00, 1.400000e+01
-5.000000e-06, 5.266667e+00, 3.000000e+00, 2.200000e+01
-5.000000e-06, 5.266667e+00, 5.000000e+00, 2.700000e+01
-5.000000e-06, 5.266667e+00, 7.000000e+00, 3.200000e+01
-5.000000e-06, 5.266667e+00, 9.000000e+00, 3.500000e+01
-5.000000e-06, 5.266667e+00, 1.100000e+01, 3.900000e+01
-5.000000e-06, 5.266667e+00, 1.300000e+01, 4.200000e+01
-5.000000e-06, 5.266667e+00, 1.500000e+01, 4.400000e+01
-5.000000e-06, 5.266667e+00, 1.700000e+01, 4.700000e+01
-5.000000e-06, 5.266667e+00, 1.900000e+01, 4.900000e+01
-5.000000e-06, 5.266667e+00, 2.100000e+01, 5.200000e+01
-5.000000e-06, 5.266667e+00, 2.300000e+01, 5.400000e+01
-5.000000e-06, 5.266667e+00, 2.500000e+01, 5.600000e+01
-5.000000e-06, 5.266667e+00, 2.700000e+01, 5.800000e+01
-5.000000e-06, 5.266667e+00, 2.900000e+01, 6.000000e+01
-5.000000e-06, 5.266667e+00, 3.100000e+01, 6.100000e+01
-5.000000e-06, 5.266667e+00, 3.300000e+01, 6.300000e+01
-5.000000e-06, 5.266667e+00, 3.500000e+01, 6.500000e+01
-5.000000e-06, 5.266667e+00, 3.700000e+01, 6.700000e+01
-5.000000e-06, 5.266667e+00, 3.900000e+01, 6.800000e+01
-5.000000e-06, 5.266667e+00, 4.100000e+01, 7.000000e+01
-5.000000e-06, 5.266667e+00, 4.300000e+01, 7.100000e+01
-5.000000e-06, 5.266667e+00, 4.500000e+01, 7.300000e+01
-5.000000e-06, 5.266667e+00, 4.700000e+01, 7.500000e+01
-5.000000e-06, 5.266667e+00, 4.900000e+01, 7.600000e+01
-5.000000e-06, 5.266667e+00, 5.100000e+01, 7.800000e+01
-5.000000e-06, 5.266667e+00, 5.300000e+01, 7.800000e+01
-5.000000e-06, 5.266667e+00, 5.500000e+01, 8.000000e+01
-5.000000e-06, 5.266667e+00, 5.700000e+01, 8.100000e+01
-5.000000e-06, 5.266667e+00, 5.900000e+01, 8.300000e+01
-5.000000e-06, 7.987778e+00, 1.000000e+00, 1.400000e+01
-5.000000e-06, 7.987778e+00, 3.000000e+00, 2.200000e+01
-5.000000e-06, 7.987778e+00, 5.000000e+00, 2.700000e+01
-5.000000e-06, 7.987778e+00, 7.000000e+00, 3.200000e+01
-5.000000e-06, 7.987778e+00, 9.000000e+00, 3.500000e+01
-5.000000e-06, 7.987778e+00, 1.100000e+01, 3.900000e+01
-5.000000e-06, 7.987778e+00, 1.300000e+01, 4.200000e+01
-5.000000e-06, 7.987778e+00, 1.500000e+01, 4.400000e+01
-5.000000e-06, 7.987778e+00, 1.700000e+01, 4.700000e+01
-5.000000e-06, 7.987778e+00, 1.900000e+01, 4.900000e+01
-5.000000e-06, 7.987778e+00, 2.100000e+01, 5.200000e+01
-5.000000e-06, 7.987778e+00, 2.300000e+01, 5.400000e+01
-5.000000e-06, 7.987778e+00, 2.500000e+01, 5.600000e+01
-5.000000e-06, 7.987778e+00, 2.700000e+01, 5.800000e+01
-5.000000e-06, 7.987778e+00, 2.900000e+01, 6.000000e+01
-5.000000e-06, 7.987778e+00, 3.100000e+01, 6.100000e+01
-5.000000e-06, 7.987778e+00, 3.300000e+01, 6.300000e+01
-5.000000e-06, 7.987778e+00, 3.500000e+01, 6.500000e+01
-5.000000e-06, 7.987778e+00, 3.700000e+01, 6.700000e+01
-5.000000e-06, 7.987778e+00, 3.900000e+01, 6.800000e+01
-5.000000e-06, 7.987778e+00, 4.100000e+01, 7.000000e+01
-5.000000e-06, 7.987778e+00, 4.300000e+01, 7.100000e+01
-5.000000e-06, 7.987778e+00, 4.500000e+01, 7.300000e+01
-5.000000e-06, 7.987778e+00, 4.700000e+01, 7.500000e+01
-5.000000e-06, 7.987778e+00, 4.900000e+01, 7.600000e+01
-5.000000e-06, 7.987778e+00, 5.100000e+01, 7.800000e+01
-5.000000e-06, 7.987778e+00, 5.300000e+01, 7.800000e+01
-5.000000e-06, 7.987778e+00, 5.500000e+01, 8.000000e+01
-5.000000e-06, 7.987778e+00, 5.700000e+01, 8.100000e+01
-5.000000e-06, 7.987778e+00, 5.900000e+01, 8.300000e+01
-5.000000e-06, 7.987778e+00, 6.100000e+01, 8.300000e+01
-5.000000e-06, 7.987778e+00, 6.300000e+01, 8.500000e+01
-5.000000e-06, 7.987778e+00, 6.500000e+01, 8.600000e+01
-5.000000e-06, 7.987778e+00, 6.700000e+01, 8.700000e+01
-5.000000e-06, 7.987778e+00, 6.900000e+01, 8.800000e+01
-5.000000e-06, 7.987778e+00, 7.100000e+01, 8.900000e+01
-5.000000e-06, 7.987778e+00, 7.300000e+01, 9.100000e+01
-5.000000e-06, 7.987778e+00, 7.500000e+01, 9.200000e+01
-5.000000e-06, 7.987778e+00, 7.700000e+01, 9.400000e+01
-5.000000e-06, 7.987778e+00, 7.900000e+01, 9.400000e+01
-5.000000e-06, 7.987778e+00, 8.100000e+01, 9.500000e+01
-5.000000e-06, 7.987778e+00, 8.300000e+01, 9.700000e+01
-5.000000e-06, 7.987778e+00, 8.500000e+01, 9.700000e+01
-5.000000e-06, 7.987778e+00, 8.700000e+01, 9.900000e+01
-5.000000e-06, 7.987778e+00, 8.900000e+01, 9.900000e+01
-5.000000e-06, 7.987778e+00, 9.100000e+01, 1.000000e+02
-5.000000e-06, 1.193778e+01, 1.000000e+00, 1.400000e+01
-5.000000e-06, 1.193778e+01, 3.000000e+00, 2.200000e+01
-5.000000e-06, 1.193778e+01, 5.000000e+00, 2.700000e+01
-5.000000e-06, 1.193778e+01, 7.000000e+00, 3.200000e+01
-5.000000e-06, 1.193778e+01, 9.000000e+00, 3.500000e+01
-5.000000e-06, 1.193778e+01, 1.100000e+01, 3.900000e+01
-5.000000e-06, 1.193778e+01, 1.300000e+01, 4.200000e+01
-5.000000e-06, 1.193778e+01, 1.500000e+01, 4.400000e+01
-5.000000e-06, 1.193778e+01, 1.700000e+01, 4.700000e+01
-5.000000e-06, 1.193778e+01, 1.900000e+01, 4.900000e+01
-5.000000e-06, 1.193778e+01, 2.100000e+01, 5.200000e+01
-5.000000e-06, 1.193778e+01, 2.300000e+01, 5.400000e+01
-5.000000e-06, 1.193778e+01, 2.500000e+01, 5.600000e+01
-5.000000e-06, 1.193778e+01, 2.700000e+01, 5.800000e+01
-5.000000e-06, 1.193778e+01, 2.900000e+01, 6.000000e+01
-5.000000e-06, 1.193778e+01, 3.100000e+01, 6.100000e+01
-5.000000e-06, 1.193778e+01, 3.300000e+01, 6.300000e+01
-5.000000e-06, 1.193778e+01, 3.500000e+01, 6.500000e+01
-5.000000e-06, 1.193778e+01, 3.700000e+01, 6.700000e+01
-5.000000e-06, 1.193778e+01, 3.900000e+01, 6.800000e+01
-5.000000e-06, 1.193778e+01, 4.100000e+01, 7.000000e+01
-5.000000e-06, 1.193778e+01, 4.300000e+01, 7.100000e+01
-5.000000e-06, 1.193778e+01, 4.500000e+01, 7.300000e+01
-5.000000e-06, 1.193778e+01, 4.700000e+01, 7.500000e+01
-5.000000e-06, 1.193778e+01, 4.900000e+01, 7.600000e+01
-5.000000e-06, 1.193778e+01, 5.100000e+01, 7.800000e+01
-5.000000e-06, 1.193778e+01, 5.300000e+01, 7.800000e+01
-5.000000e-06, 1.193778e+01, 5.500000e+01, 8.000000e+01
-5.000000e-06, 1.193778e+01, 5.700000e+01, 8.100000e+01
-5.000000e-06, 1.193778e+01, 5.900000e+01, 8.300000e+01
-5.000000e-06, 1.193778e+01, 6.100000e+01, 8.300000e+01
-5.000000e-06, 1.193778e+01, 6.300000e+01, 8.500000e+01
-5.000000e-06, 1.193778e+01, 6.500000e+01, 8.600000e+01
-5.000000e-06, 1.193778e+01, 6.700000e+01, 8.700000e+01
-5.000000e-06, 1.193778e+01, 6.900000e+01, 8.800000e+01
-5.000000e-06, 1.193778e+01, 7.100000e+01, 8.900000e+01
-5.000000e-06, 1.193778e+01, 7.300000e+01, 9.100000e+01
-5.000000e-06, 1.193778e+01, 7.500000e+01, 9.200000e+01
-5.000000e-06, 1.193778e+01, 7.700000e+01, 9.400000e+01
-5.000000e-06, 1.193778e+01, 7.900000e+01, 9.400000e+01
-5.000000e-06, 1.193778e+01, 8.100000e+01, 9.500000e+01
-5.000000e-06, 1.193778e+01, 8.300000e+01, 9.700000e+01
-5.000000e-06, 1.193778e+01, 8.500000e+01, 9.700000e+01
-5.000000e-06, 1.193778e+01, 8.700000e+01, 9.900000e+01
-5.000000e-06, 1.193778e+01, 8.900000e+01, 9.900000e+01
-5.000000e-06, 1.193778e+01, 9.100000e+01, 1.000000e+02
-5.000000e-06, 1.193778e+01, 9.300000e+01, 1.020000e+02
-5.000000e-06, 1.193778e+01, 9.500000e+01, 1.020000e+02
-5.000000e-06, 1.193778e+01, 9.700000e+01, 1.030000e+02
-5.000000e-06, 1.193778e+01, 9.900000e+01, 1.050000e+02
-5.000000e-06, 1.193778e+01, 1.010000e+02, 1.050000e+02
-5.000000e-06, 1.193778e+01, 1.030000e+02, 1.060000e+02
-5.000000e-06, 1.193778e+01, 1.050000e+02, 1.080000e+02
-5.000000e-06, 1.193778e+01, 1.070000e+02, 1.080000e+02
-5.000000e-06, 1.193778e+01, 1.090000e+02, 1.090000e+02
-5.000000e-06, 1.193778e+01, 1.110000e+02, 1.110000e+02
-5.000000e-06, 1.193778e+01, 1.130000e+02, 1.110000e+02
-5.000000e-06, 1.193778e+01, 1.150000e+02, 1.110000e+02
-5.000000e-06, 1.193778e+01, 1.170000e+02, 1.140000e+02
-5.000000e-06, 1.193778e+01, 1.190000e+02, 1.140000e+02
-5.000000e-06, 1.193778e+01, 1.210000e+02, 1.140000e+02
-5.000000e-06, 1.193778e+01, 1.230000e+02, 1.150000e+02
-5.000000e-06, 1.193778e+01, 1.250000e+02, 1.170000e+02
-5.000000e-06, 1.193778e+01, 1.270000e+02, 1.170000e+02
-5.000000e-06, 1.193778e+01, 1.290000e+02, 1.170000e+02
-5.000000e-06, 1.193778e+01, 1.310000e+02, 1.200000e+02
-5.000000e-06, 1.193778e+01, 1.330000e+02, 1.200000e+02
-5.000000e-06, 1.193778e+01, 1.350000e+02, 1.200000e+02
-5.000000e-06, 1.597556e+01, 1.000000e+00, 1.400000e+01
-5.000000e-06, 1.597556e+01, 3.000000e+00, 2.200000e+01
-5.000000e-06, 1.597556e+01, 5.000000e+00, 2.700000e+01
-5.000000e-06, 1.597556e+01, 7.000000e+00, 3.200000e+01
-5.000000e-06, 1.597556e+01, 9.000000e+00, 3.500000e+01
-5.000000e-06, 1.597556e+01, 1.100000e+01, 3.900000e+01
-5.000000e-06, 1.597556e+01, 1.300000e+01, 4.200000e+01
-5.000000e-06, 1.597556e+01, 1.500000e+01, 4.400000e+01
-5.000000e-06, 1.597556e+01, 1.700000e+01, 4.700000e+01
-5.000000e-06, 1.597556e+01, 1.900000e+01, 4.900000e+01
-5.000000e-06, 1.597556e+01, 2.100000e+01, 5.200000e+01
-5.000000e-06, 1.597556e+01, 2.300000e+01, 5.400000e+01
-5.000000e-06, 1.597556e+01, 2.500000e+01, 5.600000e+01
-5.000000e-06, 1.597556e+01, 2.700000e+01, 5.800000e+01
-5.000000e-06, 1.597556e+01, 2.900000e+01, 6.000000e+01
-5.000000e-06, 1.597556e+01, 3.100000e+01, 6.100000e+01
-5.000000e-06, 1.597556e+01, 3.300000e+01, 6.300000e+01
-5.000000e-06, 1.597556e+01, 3.500000e+01, 6.500000e+01
-5.000000e-06, 1.597556e+01, 3.700000e+01, 6.700000e+01
-5.000000e-06, 1.597556e+01, 3.900000e+01, 6.800000e+01
-5.000000e-06, 1.597556e+01, 4.100000e+01, 7.000000e+01
-5.000000e-06, 1.597556e+01, 4.300000e+01, 7.100000e+01
-5.000000e-06, 1.597556e+01, 4.500000e+01, 7.300000e+01
-5.000000e-06, 1.597556e+01, 4.700000e+01, 7.500000e+01
-5.000000e-06, 1.597556e+01, 4.900000e+01, 7.600000e+01
-5.000000e-06, 1.597556e+01, 5.100000e+01, 7.800000e+01
-5.000000e-06, 1.597556e+01, 5.300000e+01, 7.800000e+01
-5.000000e-06, 1.597556e+01, 5.500000e+01, 8.000000e+01
-5.000000e-06, 1.597556e+01, 5.700000e+01, 8.100000e+01
-5.000000e-06, 1.597556e+01, 5.900000e+01, 8.300000e+01
-5.000000e-06, 1.597556e+01, 6.100000e+01, 8.300000e+01
-5.000000e-06, 1.597556e+01, 6.300000e+01, 8.500000e+01
-5.000000e-06, 1.597556e+01, 6.500000e+01, 8.600000e+01
-5.000000e-06, 1.597556e+01, 6.700000e+01, 8.700000e+01
-5.000000e-06, 1.597556e+01, 6.900000e+01, 8.800000e+01
-5.000000e-06, 1.597556e+01, 7.100000e+01, 8.900000e+01
-5.000000e-06, 1.597556e+01, 7.300000e+01, 9.100000e+01
-5.000000e-06, 1.597556e+01, 7.500000e+01, 9.200000e+01
-5.000000e-06, 1.597556e+01, 7.700000e+01, 9.400000e+01
-5.000000e-06, 1.597556e+01, 7.900000e+01, 9.400000e+01
-5.000000e-06, 1.597556e+01, 8.100000e+01, 9.500000e+01
-5.000000e-06, 1.597556e+01, 8.300000e+01, 9.700000e+01
-5.000000e-06, 1.597556e+01, 8.500000e+01, 9.700000e+01
-5.000000e-06, 1.597556e+01, 8.700000e+01, 9.900000e+01
-5.000000e-06, 1.597556e+01, 8.900000e+01, 9.900000e+01
-5.000000e-06, 1.597556e+01, 9.100000e+01, 1.000000e+02
-5.000000e-06, 1.597556e+01, 9.300000e+01, 1.020000e+02
-5.000000e-06, 1.597556e+01, 9.500000e+01, 1.020000e+02
-5.000000e-06, 1.597556e+01, 9.700000e+01, 1.030000e+02
-5.000000e-06, 1.597556e+01, 9.900000e+01, 1.050000e+02
-5.000000e-06, 1.597556e+01, 1.010000e+02, 1.050000e+02
-5.000000e-06, 1.597556e+01, 1.030000e+02, 1.060000e+02
-5.000000e-06, 1.597556e+01, 1.050000e+02, 1.080000e+02
-5.000000e-06, 1.597556e+01, 1.070000e+02, 1.080000e+02
-5.000000e-06, 1.597556e+01, 1.090000e+02, 1.090000e+02
-5.000000e-06, 1.597556e+01, 1.110000e+02, 1.110000e+02
-5.000000e-06, 1.597556e+01, 1.130000e+02, 1.110000e+02
-5.000000e-06, 1.597556e+01, 1.150000e+02, 1.110000e+02
-5.000000e-06, 1.597556e+01, 1.170000e+02, 1.140000e+02
-5.000000e-06, 1.597556e+01, 1.190000e+02, 1.140000e+02
-5.000000e-06, 1.597556e+01, 1.210000e+02, 1.140000e+02
-5.000000e-06, 1.597556e+01, 1.230000e+02, 1.150000e+02
-5.000000e-06, 1.597556e+01, 1.250000e+02, 1.170000e+02
-5.000000e-06, 1.597556e+01, 1.270000e+02, 1.170000e+02
-5.000000e-06, 1.597556e+01, 1.290000e+02, 1.170000e+02
-5.000000e-06, 1.597556e+01, 1.310000e+02, 1.200000e+02
-5.000000e-06, 1.597556e+01, 1.330000e+02, 1.200000e+02
-5.000000e-06, 1.597556e+01, 1.350000e+02, 1.200000e+02
-5.000000e-06, 1.597556e+01, 1.370000e+02, 1.210000e+02
-5.000000e-06, 1.597556e+01, 1.390000e+02, 1.210000e+02
-5.000000e-06, 1.597556e+01, 1.410000e+02, 1.230000e+02
-5.000000e-06, 1.597556e+01, 1.430000e+02, 1.230000e+02
-5.000000e-06, 1.597556e+01, 1.450000e+02, 1.240000e+02
-5.000000e-06, 1.597556e+01, 1.470000e+02, 1.240000e+02
-5.000000e-06, 1.597556e+01, 1.490000e+02, 1.260000e+02
-5.000000e-06, 1.597556e+01, 1.510000e+02, 1.260000e+02
-5.000000e-06, 1.597556e+01, 1.530000e+02, 1.270000e+02
-5.000000e-06, 1.597556e+01, 1.550000e+02, 1.290000e+02
-5.000000e-06, 1.597556e+01, 1.570000e+02, 1.290000e+02
-5.000000e-06, 1.597556e+01, 1.590000e+02, 1.290000e+02
-5.000000e-06, 1.597556e+01, 1.610000e+02, 1.300000e+02
-5.000000e-06, 1.597556e+01, 1.630000e+02, 1.300000e+02
-5.000000e-06, 1.597556e+01, 1.650000e+02, 1.320000e+02
-5.000000e-06, 1.597556e+01, 1.670000e+02, 1.320000e+02
-5.000000e-06, 1.597556e+01, 1.690000e+02, 1.330000e+02
-5.000000e-06, 1.597556e+01, 1.710000e+02, 1.330000e+02
-5.000000e-06, 1.597556e+01, 1.730000e+02, 1.350000e+02
-5.000000e-06, 1.597556e+01, 1.750000e+02, 1.350000e+02
-5.000000e-06, 1.597556e+01, 1.770000e+02, 1.350000e+02
-5.000000e-06, 1.597556e+01, 1.790000e+02, 1.360000e+02
-5.000000e-06, 1.597556e+01, 1.810000e+02, 1.390000e+02
-5.000000e-06, 1.992556e+01, 1.000000e+00, 1.400000e+01
-5.000000e-06, 1.992556e+01, 3.000000e+00, 2.200000e+01
-5.000000e-06, 1.992556e+01, 5.000000e+00, 2.700000e+01
-5.000000e-06, 1.992556e+01, 7.000000e+00, 3.200000e+01
-5.000000e-06, 1.992556e+01, 9.000000e+00, 3.500000e+01
-5.000000e-06, 1.992556e+01, 1.100000e+01, 3.900000e+01
-5.000000e-06, 1.992556e+01, 1.300000e+01, 4.200000e+01
-5.000000e-06, 1.992556e+01, 1.500000e+01, 4.400000e+01
-5.000000e-06, 1.992556e+01, 1.700000e+01, 4.700000e+01
-5.000000e-06, 1.992556e+01, 1.900000e+01, 4.900000e+01
-5.000000e-06, 1.992556e+01, 2.100000e+01, 5.200000e+01
-5.000000e-06, 1.992556e+01, 2.300000e+01, 5.400000e+01
-5.000000e-06, 1.992556e+01, 2.500000e+01, 5.600000e+01
-5.000000e-06, 1.992556e+01, 2.700000e+01, 5.800000e+01
-5.000000e-06, 1.992556e+01, 2.900000e+01, 6.000000e+01
-5.000000e-06, 1.992556e+01, 3.100000e+01, 6.100000e+01
-5.000000e-06, 1.992556e+01, 3.300000e+01, 6.300000e+01
-5.000000e-06, 1.992556e+01, 3.500000e+01, 6.500000e+01
-5.000000e-06, 1.992556e+01, 3.700000e+01, 6.700000e+01
-5.000000e-06, 1.992556e+01, 3.900000e+01, 6.800000e+01
-5.000000e-06, 1.992556e+01, 4.100000e+01, 7.000000e+01
-5.000000e-06, 1.992556e+01, 4.300000e+01, 7.100000e+01
-5.000000e-06, 1.992556e+01, 4.500000e+01, 7.300000e+01
-5.000000e-06, 1.992556e+01, 4.700000e+01, 7.500000e+01
-5.000000e-06, 1.992556e+01, 4.900000e+01, 7.600000e+01
-5.000000e-06, 1.992556e+01, 5.100000e+01, 7.800000e+01
-5.000000e-06, 1.992556e+01, 5.300000e+01, 7.800000e+01
-5.000000e-06, 1.992556e+01, 5.500000e+01, 8.000000e+01
-5.000000e-06, 1.992556e+01, 5.700000e+01, 8.100000e+01
-5.000000e-06, 1.992556e+01, 5.900000e+01, 8.300000e+01
-5.000000e-06, 1.992556e+01, 6.100000e+01, 8.300000e+01
-5.000000e-06, 1.992556e+01, 6.300000e+01, 8.500000e+01
-5.000000e-06, 1.992556e+01, 6.500000e+01, 8.600000e+01
-5.000000e-06, 1.992556e+01, 6.700000e+01, 8.700000e+01
-5.000000e-06, 1.992556e+01, 6.900000e+01, 8.800000e+01
-5.000000e-06, 1.992556e+01, 7.100000e+01, 8.900000e+01
-5.000000e-06, 1.992556e+01, 7.300000e+01, 9.100000e+01
-5.000000e-06, 1.992556e+01, 7.500000e+01, 9.200000e+01
-5.000000e-06, 1.992556e+01, 7.700000e+01, 9.400000e+01
-5.000000e-06, 1.992556e+01, 7.900000e+01, 9.400000e+01
-5.000000e-06, 1.992556e+01, 8.100000e+01, 9.500000e+01
-5.000000e-06, 1.992556e+01, 8.300000e+01, 9.700000e+01
-5.000000e-06, 1.992556e+01, 8.500000e+01, 9.700000e+01
-5.000000e-06, 1.992556e+01, 8.700000e+01, 9.900000e+01
-5.000000e-06, 1.992556e+01, 8.900000e+01, 9.900000e+01
-5.000000e-06, 1.992556e+01, 9.100000e+01, 1.000000e+02
-5.000000e-06, 1.992556e+01, 9.300000e+01, 1.020000e+02
-5.000000e-06, 1.992556e+01, 9.500000e+01, 1.020000e+02
-5.000000e-06, 1.992556e+01, 9.700000e+01, 1.030000e+02
-5.000000e-06, 1.992556e+01, 9.900000e+01, 1.050000e+02
-5.000000e-06, 1.992556e+01, 1.010000e+02, 1.050000e+02
-5.000000e-06, 1.992556e+01, 1.030000e+02, 1.060000e+02
-5.000000e-06, 1.992556e+01, 1.050000e+02, 1.080000e+02
-5.000000e-06, 1.992556e+01, 1.070000e+02, 1.080000e+02
-5.000000e-06, 1.992556e+01, 1.090000e+02, 1.090000e+02
-5.000000e-06, 1.992556e+01, 1.110000e+02, 1.110000e+02
-5.000000e-06, 1.992556e+01, 1.130000e+02, 1.110000e+02
-5.000000e-06, 1.992556e+01, 1.150000e+02, 1.110000e+02
-5.000000e-06, 1.992556e+01, 1.170000e+02, 1.140000e+02
-5.000000e-06, 1.992556e+01, 1.190000e+02, 1.140000e+02
-5.000000e-06, 1.992556e+01, 1.210000e+02, 1.140000e+02
-5.000000e-06, 1.992556e+01, 1.230000e+02, 1.150000e+02
-5.000000e-06, 1.992556e+01, 1.250000e+02, 1.170000e+02
-5.000000e-06, 1.992556e+01, 1.270000e+02, 1.170000e+02
-5.000000e-06, 1.992556e+01, 1.290000e+02, 1.170000e+02
-5.000000e-06, 1.992556e+01, 1.310000e+02, 1.200000e+02
-5.000000e-06, 1.992556e+01, 1.330000e+02, 1.200000e+02
-5.000000e-06, 1.992556e+01, 1.350000e+02, 1.200000e+02
-5.000000e-06, 1.992556e+01, 1.370000e+02, 1.210000e+02
-5.000000e-06, 1.992556e+01, 1.390000e+02, 1.210000e+02
-5.000000e-06, 1.992556e+01, 1.410000e+02, 1.230000e+02
-5.000000e-06, 1.992556e+01, 1.430000e+02, 1.230000e+02
-5.000000e-06, 1.992556e+01, 1.450000e+02, 1.240000e+02
-5.000000e-06, 1.992556e+01, 1.470000e+02, 1.240000e+02
-5.000000e-06, 1.992556e+01, 1.490000e+02, 1.260000e+02
-5.000000e-06, 1.992556e+01, 1.510000e+02, 1.260000e+02
-5.000000e-06, 1.992556e+01, 1.530000e+02, 1.270000e+02
-5.000000e-06, 1.992556e+01, 1.550000e+02, 1.290000e+02
-5.000000e-06, 1.992556e+01, 1.570000e+02, 1.290000e+02
-5.000000e-06, 1.992556e+01, 1.590000e+02, 1.290000e+02
-5.000000e-06, 1.992556e+01, 1.610000e+02, 1.300000e+02
-5.000000e-06, 1.992556e+01, 1.630000e+02, 1.300000e+02
-5.000000e-06, 1.992556e+01, 1.650000e+02, 1.320000e+02
-5.000000e-06, 1.992556e+01, 1.670000e+02, 1.320000e+02
-5.000000e-06, 1.992556e+01, 1.690000e+02, 1.330000e+02
-5.000000e-06, 1.992556e+01, 1.710000e+02, 1.330000e+02
-5.000000e-06, 1.992556e+01, 1.730000e+02, 1.350000e+02
-5.000000e-06, 1.992556e+01, 1.750000e+02, 1.350000e+02
-5.000000e-06, 1.992556e+01, 1.770000e+02, 1.350000e+02
-5.000000e-06, 1.992556e+01, 1.790000e+02, 1.360000e+02
-5.000000e-06, 1.992556e+01, 1.810000e+02, 1.390000e+02
-5.000000e-06, 1.992556e+01, 1.830000e+02, 1.390000e+02
-5.000000e-06, 1.992556e+01, 1.850000e+02, 1.390000e+02
-5.000000e-06, 1.992556e+01, 1.870000e+02, 1.390000e+02
-5.000000e-06, 1.992556e+01, 1.890000e+02, 1.400000e+02
-5.000000e-06, 1.992556e+01, 1.910000e+02, 1.400000e+02
-5.000000e-06, 1.992556e+01, 1.930000e+02, 1.420000e+02
-5.000000e-06, 1.992556e+01, 1.950000e+02, 1.420000e+02
-5.000000e-06, 1.992556e+01, 1.970000e+02, 1.420000e+02
-5.000000e-06, 1.992556e+01, 1.990000e+02, 1.430000e+02
-5.000000e-06, 1.992556e+01, 2.010000e+02, 1.450000e+02
-5.000000e-06, 1.992556e+01, 2.030000e+02, 1.450000e+02
-5.000000e-06, 1.992556e+01, 2.050000e+02, 1.450000e+02
-5.000000e-06, 1.992556e+01, 2.070000e+02, 1.450000e+02
-5.000000e-06, 1.992556e+01, 2.090000e+02, 1.460000e+02
-5.000000e-06, 1.992556e+01, 2.110000e+02, 1.470000e+02
-5.000000e-06, 1.992556e+01, 2.130000e+02, 1.490000e+02
-5.000000e-06, 1.992556e+01, 2.150000e+02, 1.490000e+02
-5.000000e-06, 1.992556e+01, 2.170000e+02, 1.490000e+02
-5.000000e-06, 1.992556e+01, 2.190000e+02, 1.490000e+02
-5.000000e-06, 1.992556e+01, 2.210000e+02, 1.500000e+02
-5.000000e-06, 1.992556e+01, 2.230000e+02, 1.500000e+02
-5.000000e-06, 1.992556e+01, 2.250000e+02, 1.530000e+02
-5.000000e-06, 1.992556e+01, 2.270000e+02, 1.530000e+02
-5.000000e-06, 2.396333e+01, 1.000000e+00, 1.400000e+01
-5.000000e-06, 2.396333e+01, 3.000000e+00, 2.200000e+01
-5.000000e-06, 2.396333e+01, 5.000000e+00, 2.700000e+01
-5.000000e-06, 2.396333e+01, 7.000000e+00, 3.200000e+01
-5.000000e-06, 2.396333e+01, 9.000000e+00, 3.500000e+01
-5.000000e-06, 2.396333e+01, 1.100000e+01, 3.900000e+01
-5.000000e-06, 2.396333e+01, 1.300000e+01, 4.200000e+01
-5.000000e-06, 2.396333e+01, 1.500000e+01, 4.400000e+01
-5.000000e-06, 2.396333e+01, 1.700000e+01, 4.700000e+01
-5.000000e-06, 2.396333e+01, 1.900000e+01, 4.900000e+01
-5.000000e-06, 2.396333e+01, 2.100000e+01, 5.200000e+01
-5.000000e-06, 2.396333e+01, 2.300000e+01, 5.400000e+01
-5.000000e-06, 2.396333e+01, 2.500000e+01, 5.600000e+01
-5.000000e-06, 2.396333e+01, 2.700000e+01, 5.800000e+01
-5.000000e-06, 2.396333e+01, 2.900000e+01, 6.000000e+01
-5.000000e-06, 2.396333e+01, 3.100000e+01, 6.100000e+01
-5.000000e-06, 2.396333e+01, 3.300000e+01, 6.300000e+01
-5.000000e-06, 2.396333e+01, 3.500000e+01, 6.500000e+01
-5.000000e-06, 2.396333e+01, 3.700000e+01, 6.700000e+01
-5.000000e-06, 2.396333e+01, 3.900000e+01, 6.800000e+01
-5.000000e-06, 2.396333e+01, 4.100000e+01, 7.000000e+01
-5.000000e-06, 2.396333e+01, 4.300000e+01, 7.100000e+01
-5.000000e-06, 2.396333e+01, 4.500000e+01, 7.300000e+01
-5.000000e-06, 2.396333e+01, 4.700000e+01, 7.500000e+01
-5.000000e-06, 2.396333e+01, 4.900000e+01, 7.600000e+01
-5.000000e-06, 2.396333e+01, 5.100000e+01, 7.800000e+01
-5.000000e-06, 2.396333e+01, 5.300000e+01, 7.800000e+01
-5.000000e-06, 2.396333e+01, 5.500000e+01, 8.000000e+01
-5.000000e-06, 2.396333e+01, 5.700000e+01, 8.100000e+01
-5.000000e-06, 2.396333e+01, 5.900000e+01, 8.300000e+01
-5.000000e-06, 2.396333e+01, 6.100000e+01, 8.300000e+01
-5.000000e-06, 2.396333e+01, 6.300000e+01, 8.500000e+01
-5.000000e-06, 2.396333e+01, 6.500000e+01, 8.600000e+01
-5.000000e-06, 2.396333e+01, 6.700000e+01, 8.700000e+01
-5.000000e-06, 2.396333e+01, 6.900000e+01, 8.800000e+01
-5.000000e-06, 2.396333e+01, 7.100000e+01, 8.900000e+01
-5.000000e-06, 2.396333e+01, 7.300000e+01, 9.100000e+01
-5.000000e-06, 2.396333e+01, 7.500000e+01, 9.200000e+01
-5.000000e-06, 2.396333e+01, 7.700000e+01, 9.400000e+01
-5.000000e-06, 2.396333e+01, 7.900000e+01, 9.400000e+01
-5.000000e-06, 2.396333e+01, 8.100000e+01, 9.500000e+01
-5.000000e-06, 2.396333e+01, 8.300000e+01, 9.700000e+01
-5.000000e-06, 2.396333e+01, 8.500000e+01, 9.700000e+01
-5.000000e-06, 2.396333e+01, 8.700000e+01, 9.900000e+01
-5.000000e-06, 2.396333e+01, 8.900000e+01, 9.900000e+01
-5.000000e-06, 2.396333e+01, 9.100000e+01, 1.000000e+02
-5.000000e-06, 2.396333e+01, 9.300000e+01, 1.020000e+02
-5.000000e-06, 2.396333e+01, 9.500000e+01, 1.020000e+02
-5.000000e-06, 2.396333e+01, 9.700000e+01, 1.030000e+02
-5.000000e-06, 2.396333e+01, 9.900000e+01, 1.050000e+02
-5.000000e-06, 2.396333e+01, 1.010000e+02, 1.050000e+02
-5.000000e-06, 2.396333e+01, 1.030000e+02, 1.060000e+02
-5.000000e-06, 2.396333e+01, 1.050000e+02, 1.080000e+02
-5.000000e-06, 2.396333e+01, 1.070000e+02, 1.080000e+02
-5.000000e-06, 2.396333e+01, 1.090000e+02, 1.090000e+02
-5.000000e-06, 2.396333e+01, 1.110000e+02, 1.110000e+02
-5.000000e-06, 2.396333e+01, 1.130000e+02, 1.110000e+02
-5.000000e-06, 2.396333e+01, 1.150000e+02, 1.110000e+02
-5.000000e-06, 2.396333e+01, 1.170000e+02, 1.140000e+02
-5.000000e-06, 2.396333e+01, 1.190000e+02, 1.140000e+02
-5.000000e-06, 2.396333e+01, 1.210000e+02, 1.140000e+02
-5.000000e-06, 2.396333e+01, 1.230000e+02, 1.150000e+02
-5.000000e-06, 2.396333e+01, 1.250000e+02, 1.170000e+02
-5.000000e-06, 2.396333e+01, 1.270000e+02, 1.170000e+02
-5.000000e-06, 2.396333e+01, 1.290000e+02, 1.170000e+02
-5.000000e-06, 2.396333e+01, 1.310000e+02, 1.200000e+02
-5.000000e-06, 2.396333e+01, 1.330000e+02, 1.200000e+02
-5.000000e-06, 2.396333e+01, 1.350000e+02, 1.200000e+02
-5.000000e-06, 2.396333e+01, 1.370000e+02, 1.210000e+02
-5.000000e-06, 2.396333e+01, 1.390000e+02, 1.210000e+02
-5.000000e-06, 2.396333e+01, 1.410000e+02, 1.230000e+02
-5.000000e-06, 2.396333e+01, 1.430000e+02, 1.230000e+02
-5.000000e-06, 2.396333e+01, 1.450000e+02, 1.240000e+02
-5.000000e-06, 2.396333e+01, 1.470000e+02, 1.240000e+02
-5.000000e-06, 2.396333e+01, 1.490000e+02, 1.260000e+02
-5.000000e-06, 2.396333e+01, 1.510000e+02, 1.260000e+02
-5.000000e-06, 2.396333e+01, 1.530000e+02, 1.270000e+02
-5.000000e-06, 2.396333e+01, 1.550000e+02, 1.290000e+02
-5.000000e-06, 2.396333e+01, 1.570000e+02, 1.290000e+02
-5.000000e-06, 2.396333e+01, 1.590000e+02, 1.290000e+02
-5.000000e-06, 2.396333e+01, 1.610000e+02, 1.300000e+02
-5.000000e-06, 2.396333e+01, 1.630000e+02, 1.300000e+02
-5.000000e-06, 2.396333e+01, 1.650000e+02, 1.320000e+02
-5.000000e-06, 2.396333e+01, 1.670000e+02, 1.320000e+02
-5.000000e-06, 2.396333e+01, 1.690000e+02, 1.330000e+02
-5.000000e-06, 2.396333e+01, 1.710000e+02, 1.330000e+02
-5.000000e-06, 2.396333e+01, 1.730000e+02, 1.350000e+02
-5.000000e-06, 2.396333e+01, 1.750000e+02, 1.350000e+02
-5.000000e-06, 2.396333e+01, 1.770000e+02, 1.350000e+02
-5.000000e-06, 2.396333e+01, 1.790000e+02, 1.360000e+02
-5.000000e-06, 2.396333e+01, 1.810000e+02, 1.390000e+02
-5.000000e-06, 2.396333e+01, 1.830000e+02, 1.390000e+02
-5.000000e-06, 2.396333e+01, 1.850000e+02, 1.390000e+02
-5.000000e-06, 2.396333e+01, 1.870000e+02, 1.390000e+02
-5.000000e-06, 2.396333e+01, 1.890000e+02, 1.400000e+02
-5.000000e-06, 2.396333e+01, 1.910000e+02, 1.400000e+02
-5.000000e-06, 2.396333e+01, 1.930000e+02, 1.420000e+02
-5.000000e-06, 2.396333e+01, 1.950000e+02, 1.420000e+02
-5.000000e-06, 2.396333e+01, 1.970000e+02, 1.420000e+02
-5.000000e-06, 2.396333e+01, 1.990000e+02, 1.430000e+02
-5.000000e-06, 2.396333e+01, 2.010000e+02, 1.450000e+02
-5.000000e-06, 2.396333e+01, 2.030000e+02, 1.450000e+02
-5.000000e-06, 2.396333e+01, 2.050000e+02, 1.450000e+02
-5.000000e-06, 2.396333e+01, 2.070000e+02, 1.450000e+02
-5.000000e-06, 2.396333e+01, 2.090000e+02, 1.460000e+02
-5.000000e-06, 2.396333e+01, 2.110000e+02, 1.470000e+02
-5.000000e-06, 2.396333e+01, 2.130000e+02, 1.490000e+02
-5.000000e-06, 2.396333e+01, 2.150000e+02, 1.490000e+02
-5.000000e-06, 2.396333e+01, 2.170000e+02, 1.490000e+02
-5.000000e-06, 2.396333e+01, 2.190000e+02, 1.490000e+02
-5.000000e-06, 2.396333e+01, 2.210000e+02, 1.500000e+02
-5.000000e-06, 2.396333e+01, 2.230000e+02, 1.500000e+02
-5.000000e-06, 2.396333e+01, 2.250000e+02, 1.530000e+02
-5.000000e-06, 2.396333e+01, 2.270000e+02, 1.530000e+02
-5.000000e-06, 2.396333e+01, 2.290000e+02, 1.520000e+02
-5.000000e-06, 2.396333e+01, 2.310000e+02, 1.530000e+02
-5.000000e-06, 2.396333e+01, 2.330000e+02, 1.560000e+02
-5.000000e-06, 2.396333e+01, 2.350000e+02, 1.560000e+02
-5.000000e-06, 2.396333e+01, 2.370000e+02, 1.560000e+02
-5.000000e-06, 2.396333e+01, 2.390000e+02, 1.560000e+02
-5.000000e-06, 2.396333e+01, 2.410000e+02, 1.560000e+02
-5.000000e-06, 2.396333e+01, 2.430000e+02, 1.560000e+02
-5.000000e-06, 2.396333e+01, 2.450000e+02, 1.570000e+02
-5.000000e-06, 2.396333e+01, 2.470000e+02, 1.600000e+02
-5.000000e-06, 2.396333e+01, 2.490000e+02, 1.600000e+02
-5.000000e-06, 2.396333e+01, 2.510000e+02, 1.600000e+02
-5.000000e-06, 2.396333e+01, 2.530000e+02, 1.600000e+02
-5.000000e-06, 2.396333e+01, 2.550000e+02, 1.600000e+02
-5.000000e-06, 2.396333e+01, 2.570000e+02, 1.600000e+02
-5.000000e-06, 2.396333e+01, 2.590000e+02, 1.610000e+02
-5.000000e-06, 2.396333e+01, 2.610000e+02, 1.630000e+02
-5.000000e-06, 2.396333e+01, 2.630000e+02, 1.630000e+02
-5.000000e-06, 2.396333e+01, 2.650000e+02, 1.630000e+02
-5.000000e-06, 2.396333e+01, 2.670000e+02, 1.630000e+02
-5.000000e-06, 2.396333e+01, 2.690000e+02, 1.640000e+02
-5.000000e-06, 2.396333e+01, 2.710000e+02, 1.640000e+02
-5.000000e-06, 2.396333e+01, 2.730000e+02, 1.650000e+02
-5.000000e-06, 2.791333e+01, 1.000000e+00, 1.400000e+01
-5.000000e-06, 2.791333e+01, 3.000000e+00, 2.200000e+01
-5.000000e-06, 2.791333e+01, 5.000000e+00, 2.700000e+01
-5.000000e-06, 2.791333e+01, 7.000000e+00, 3.200000e+01
-5.000000e-06, 2.791333e+01, 9.000000e+00, 3.500000e+01
-5.000000e-06, 2.791333e+01, 1.100000e+01, 3.900000e+01
-5.000000e-06, 2.791333e+01, 1.300000e+01, 4.200000e+01
-5.000000e-06, 2.791333e+01, 1.500000e+01, 4.400000e+01
-5.000000e-06, 2.791333e+01, 1.700000e+01, 4.700000e+01
-5.000000e-06, 2.791333e+01, 1.900000e+01, 4.900000e+01
-5.000000e-06, 2.791333e+01, 2.100000e+01, 5.200000e+01
-5.000000e-06, 2.791333e+01, 2.300000e+01, 5.400000e+01
-5.000000e-06, 2.791333e+01, 2.500000e+01, 5.600000e+01
-5.000000e-06, 2.791333e+01, 2.700000e+01, 5.800000e+01
-5.000000e-06, 2.791333e+01, 2.900000e+01, 6.000000e+01
-5.000000e-06, 2.791333e+01, 3.100000e+01, 6.100000e+01
-5.000000e-06, 2.791333e+01, 3.300000e+01, 6.300000e+01
-5.000000e-06, 2.791333e+01, 3.500000e+01, 6.500000e+01
-5.000000e-06, 2.791333e+01, 3.700000e+01, 6.700000e+01
-5.000000e-06, 2.791333e+01, 3.900000e+01, 6.800000e+01
-5.000000e-06, 2.791333e+01, 4.100000e+01, 7.000000e+01
-5.000000e-06, 2.791333e+01, 4.300000e+01, 7.100000e+01
-5.000000e-06, 2.791333e+01, 4.500000e+01, 7.300000e+01
-5.000000e-06, 2.791333e+01, 4.700000e+01, 7.500000e+01
-5.000000e-06, 2.791333e+01, 4.900000e+01, 7.600000e+01
-5.000000e-06, 2.791333e+01, 5.100000e+01, 7.800000e+01
-5.000000e-06, 2.791333e+01, 5.300000e+01, 7.800000e+01
-5.000000e-06, 2.791333e+01, 5.500000e+01, 8.000000e+01
-5.000000e-06, 2.791333e+01, 5.700000e+01, 8.100000e+01
-5.000000e-06, 2.791333e+01, 5.900000e+01, 8.300000e+01
-5.000000e-06, 2.791333e+01, 6.100000e+01, 8.300000e+01
-5.000000e-06, 2.791333e+01, 6.300000e+01, 8.500000e+01
-5.000000e-06, 2.791333e+01, 6.500000e+01, 8.600000e+01
-5.000000e-06, 2.791333e+01, 6.700000e+01, 8.700000e+01
-5.000000e-06, 2.791333e+01, 6.900000e+01, 8.800000e+01
-5.000000e-06, 2.791333e+01, 7.100000e+01, 8.900000e+01
-5.000000e-06, 2.791333e+01, 7.300000e+01, 9.100000e+01
-5.000000e-06, 2.791333e+01, 7.500000e+01, 9.200000e+01
-5.000000e-06, 2.791333e+01, 7.700000e+01, 9.400000e+01
-5.000000e-06, 2.791333e+01, 7.900000e+01, 9.400000e+01
-5.000000e-06, 2.791333e+01, 8.100000e+01, 9.500000e+01
-5.000000e-06, 2.791333e+01, 8.300000e+01, 9.700000e+01
-5.000000e-06, 2.791333e+01, 8.500000e+01, 9.700000e+01
-5.000000e-06, 2.791333e+01, 8.700000e+01, 9.900000e+01
-5.000000e-06, 2.791333e+01, 8.900000e+01, 9.900000e+01
-5.000000e-06, 2.791333e+01, 9.100000e+01, 1.000000e+02
-5.000000e-06, 2.791333e+01, 9.300000e+01, 1.020000e+02
-5.000000e-06, 2.791333e+01, 9.500000e+01, 1.020000e+02
-5.000000e-06, 2.791333e+01, 9.700000e+01, 1.030000e+02
-5.000000e-06, 2.791333e+01, 9.900000e+01, 1.050000e+02
-5.000000e-06, 2.791333e+01, 1.010000e+02, 1.050000e+02
-5.000000e-06, 2.791333e+01, 1.030000e+02, 1.060000e+02
-5.000000e-06, 2.791333e+01, 1.050000e+02, 1.080000e+02
-5.000000e-06, 2.791333e+01, 1.070000e+02, 1.080000e+02
-5.000000e-06, 2.791333e+01, 1.090000e+02, 1.090000e+02
-5.000000e-06, 2.791333e+01, 1.110000e+02, 1.110000e+02
-5.000000e-06, 2.791333e+01, 1.130000e+02, 1.110000e+02
-5.000000e-06, 2.791333e+01, 1.150000e+02, 1.110000e+02
-5.000000e-06, 2.791333e+01, 1.170000e+02, 1.140000e+02
-5.000000e-06, 2.791333e+01, 1.190000e+02, 1.140000e+02
-5.000000e-06, 2.791333e+01, 1.210000e+02, 1.140000e+02
-5.000000e-06, 2.791333e+01, 1.230000e+02, 1.150000e+02
-5.000000e-06, 2.791333e+01, 1.250000e+02, 1.170000e+02
-5.000000e-06, 2.791333e+01, 1.270000e+02, 1.170000e+02
-5.000000e-06, 2.791333e+01, 1.290000e+02, 1.170000e+02
-5.000000e-06, 2.791333e+01, 1.310000e+02, 1.200000e+02
-5.000000e-06, 2.791333e+01, 1.330000e+02, 1.200000e+02
-5.000000e-06, 2.791333e+01, 1.350000e+02, 1.200000e+02
-5.000000e-06, 2.791333e+01, 1.370000e+02, 1.210000e+02
-5.000000e-06, 2.791333e+01, 1.390000e+02, 1.210000e+02
-5.000000e-06, 2.791333e+01, 1.410000e+02, 1.230000e+02
-5.000000e-06, 2.791333e+01, 1.430000e+02, 1.230000e+02
-5.000000e-06, 2.791333e+01, 1.450000e+02, 1.240000e+02
-5.000000e-06, 2.791333e+01, 1.470000e+02, 1.240000e+02
-5.000000e-06, 2.791333e+01, 1.490000e+02, 1.260000e+02
-5.000000e-06, 2.791333e+01, 1.510000e+02, 1.260000e+02
-5.000000e-06, 2.791333e+01, 1.530000e+02, 1.270000e+02
-5.000000e-06, 2.791333e+01, 1.550000e+02, 1.290000e+02
-5.000000e-06, 2.791333e+01, 1.570000e+02, 1.290000e+02
-5.000000e-06, 2.791333e+01, 1.590000e+02, 1.290000e+02
-5.000000e-06, 2.791333e+01, 1.610000e+02, 1.300000e+02
-5.000000e-06, 2.791333e+01, 1.630000e+02, 1.300000e+02
-5.000000e-06, 2.791333e+01, 1.650000e+02, 1.320000e+02
-5.000000e-06, 2.791333e+01, 1.670000e+02, 1.320000e+02
-5.000000e-06, 2.791333e+01, 1.690000e+02, 1.330000e+02
-5.000000e-06, 2.791333e+01, 1.710000e+02, 1.330000e+02
-5.000000e-06, 2.791333e+01, 1.730000e+02, 1.350000e+02
-5.000000e-06, 2.791333e+01, 1.750000e+02, 1.350000e+02
-5.000000e-06, 2.791333e+01, 1.770000e+02, 1.350000e+02
-5.000000e-06, 2.791333e+01, 1.790000e+02, 1.360000e+02
-5.000000e-06, 2.791333e+01, 1.810000e+02, 1.390000e+02
-5.000000e-06, 2.791333e+01, 1.830000e+02, 1.390000e+02
-5.000000e-06, 2.791333e+01, 1.850000e+02, 1.390000e+02
-5.000000e-06, 2.791333e+01, 1.870000e+02, 1.390000e+02
-5.000000e-06, 2.791333e+01, 1.890000e+02, 1.400000e+02
-5.000000e-06, 2.791333e+01, 1.910000e+02, 1.400000e+02
-5.000000e-06, 2.791333e+01, 1.930000e+02, 1.420000e+02
-5.000000e-06, 2.791333e+01, 1.950000e+02, 1.420000e+02
-5.000000e-06, 2.791333e+01, 1.970000e+02, 1.420000e+02
-5.000000e-06, 2.791333e+01, 1.990000e+02, 1.430000e+02
-5.000000e-06, 2.791333e+01, 2.010000e+02, 1.450000e+02
-5.000000e-06, 2.791333e+01, 2.030000e+02, 1.450000e+02
-5.000000e-06, 2.791333e+01, 2.050000e+02, 1.450000e+02
-5.000000e-06, 2.791333e+01, 2.070000e+02, 1.450000e+02
-5.000000e-06, 2.791333e+01, 2.090000e+02, 1.460000e+02
-5.000000e-06, 2.791333e+01, 2.110000e+02, 1.470000e+02
-5.000000e-06, 2.791333e+01, 2.130000e+02, 1.490000e+02
-5.000000e-06, 2.791333e+01, 2.150000e+02, 1.490000e+02
-5.000000e-06, 2.791333e+01, 2.170000e+02, 1.490000e+02
-5.000000e-06, 2.791333e+01, 2.190000e+02, 1.490000e+02
-5.000000e-06, 2.791333e+01, 2.210000e+02, 1.500000e+02
-5.000000e-06, 2.791333e+01, 2.230000e+02, 1.500000e+02
-5.000000e-06, 2.791333e+01, 2.250000e+02, 1.530000e+02
-5.000000e-06, 2.791333e+01, 2.270000e+02, 1.530000e+02
-5.000000e-06, 2.791333e+01, 2.290000e+02, 1.520000e+02
-5.000000e-06, 2.791333e+01, 2.310000e+02, 1.530000e+02
-5.000000e-06, 2.791333e+01, 2.330000e+02, 1.560000e+02
-5.000000e-06, 2.791333e+01, 2.350000e+02, 1.560000e+02
-5.000000e-06, 2.791333e+01, 2.370000e+02, 1.560000e+02
-5.000000e-06, 2.791333e+01, 2.390000e+02, 1.560000e+02
-5.000000e-06, 2.791333e+01, 2.410000e+02, 1.560000e+02
-5.000000e-06, 2.791333e+01, 2.430000e+02, 1.560000e+02
-5.000000e-06, 2.791333e+01, 2.450000e+02, 1.570000e+02
-5.000000e-06, 2.791333e+01, 2.470000e+02, 1.600000e+02
-5.000000e-06, 2.791333e+01, 2.490000e+02, 1.600000e+02
-5.000000e-06, 2.791333e+01, 2.510000e+02, 1.600000e+02
-5.000000e-06, 2.791333e+01, 2.530000e+02, 1.600000e+02
-5.000000e-06, 2.791333e+01, 2.550000e+02, 1.600000e+02
-5.000000e-06, 2.791333e+01, 2.570000e+02, 1.600000e+02
-5.000000e-06, 2.791333e+01, 2.590000e+02, 1.610000e+02
-5.000000e-06, 2.791333e+01, 2.610000e+02, 1.630000e+02
-5.000000e-06, 2.791333e+01, 2.630000e+02, 1.630000e+02
-5.000000e-06, 2.791333e+01, 2.650000e+02, 1.630000e+02
-5.000000e-06, 2.791333e+01, 2.670000e+02, 1.630000e+02
-5.000000e-06, 2.791333e+01, 2.690000e+02, 1.640000e+02
-5.000000e-06, 2.791333e+01, 2.710000e+02, 1.640000e+02
-5.000000e-06, 2.791333e+01, 2.730000e+02, 1.650000e+02
-5.000000e-06, 2.791333e+01, 2.750000e+02, 1.670000e+02
-5.000000e-06, 2.791333e+01, 2.770000e+02, 1.670000e+02
-5.000000e-06, 2.791333e+01, 2.790000e+02, 1.670000e+02
-5.000000e-06, 2.791333e+01, 2.810000e+02, 1.670000e+02
-5.000000e-06, 2.791333e+01, 2.830000e+02, 1.680000e+02
-5.000000e-06, 2.791333e+01, 2.850000e+02, 1.680000e+02
-5.000000e-06, 2.791333e+01, 2.870000e+02, 1.710000e+02
-5.000000e-06, 2.791333e+01, 2.890000e+02, 1.710000e+02
-5.000000e-06, 2.791333e+01, 2.910000e+02, 1.710000e+02
-5.000000e-06, 2.791333e+01, 2.930000e+02, 1.710000e+02
-5.000000e-06, 2.791333e+01, 2.950000e+02, 1.710000e+02
-5.000000e-06, 2.791333e+01, 2.970000e+02, 1.710000e+02
-5.000000e-06, 2.791333e+01, 2.990000e+02, 1.720000e+02
-5.000000e-06, 2.791333e+01, 3.010000e+02, 1.720000e+02
-5.000000e-06, 2.791333e+01, 3.030000e+02, 1.750000e+02
-5.000000e-06, 2.791333e+01, 3.050000e+02, 1.750000e+02
-5.000000e-06, 2.791333e+01, 3.070000e+02, 1.750000e+02
-5.000000e-06, 2.791333e+01, 3.090000e+02, 1.750000e+02
-5.000000e-06, 2.791333e+01, 3.110000e+02, 1.750000e+02
-5.000000e-06, 2.791333e+01, 3.130000e+02, 1.760000e+02
-5.000000e-06, 2.791333e+01, 3.150000e+02, 1.760000e+02
-5.000000e-06, 2.791333e+01, 3.170000e+02, 1.790000e+02
-5.000000e-06, 3.195111e+01, 1.000000e+00, 1.400000e+01
-5.000000e-06, 3.195111e+01, 3.000000e+00, 2.200000e+01
-5.000000e-06, 3.195111e+01, 5.000000e+00, 2.700000e+01
-5.000000e-06, 3.195111e+01, 7.000000e+00, 3.200000e+01
-5.000000e-06, 3.195111e+01, 9.000000e+00, 3.500000e+01
-5.000000e-06, 3.195111e+01, 1.100000e+01, 3.900000e+01
-5.000000e-06, 3.195111e+01, 1.300000e+01, 4.200000e+01
-5.000000e-06, 3.195111e+01, 1.500000e+01, 4.400000e+01
-5.000000e-06, 3.195111e+01, 1.700000e+01, 4.700000e+01
-5.000000e-06, 3.195111e+01, 1.900000e+01, 4.900000e+01
-5.000000e-06, 3.195111e+01, 2.100000e+01, 5.200000e+01
-5.000000e-06, 3.195111e+01, 2.300000e+01, 5.400000e+01
-5.000000e-06, 3.195111e+01, 2.500000e+01, 5.600000e+01
-5.000000e-06, 3.195111e+01, 2.700000e+01, 5.800000e+01
-5.000000e-06, 3.195111e+01, 2.900000e+01, 6.000000e+01
-5.000000e-06, 3.195111e+01, 3.100000e+01, 6.100000e+01
-5.000000e-06, 3.195111e+01, 3.300000e+01, 6.300000e+01
-5.000000e-06, 3.195111e+01, 3.500000e+01, 6.500000e+01
-5.000000e-06, 3.195111e+01, 3.700000e+01, 6.700000e+01
-5.000000e-06, 3.195111e+01, 3.900000e+01, 6.800000e+01
-5.000000e-06, 3.195111e+01, 4.100000e+01, 7.000000e+01
-5.000000e-06, 3.195111e+01, 4.300000e+01, 7.100000e+01
-5.000000e-06, 3.195111e+01, 4.500000e+01, 7.300000e+01
-5.000000e-06, 3.195111e+01, 4.700000e+01, 7.500000e+01
-5.000000e-06, 3.195111e+01, 4.900000e+01, 7.600000e+01
-5.000000e-06, 3.195111e+01, 5.100000e+01, 7.800000e+01
-5.000000e-06, 3.195111e+01, 5.300000e+01, 7.800000e+01
-5.000000e-06, 3.195111e+01, 5.500000e+01, 8.000000e+01
-5.000000e-06, 3.195111e+01, 5.700000e+01, 8.100000e+01
-5.000000e-06, 3.195111e+01, 5.900000e+01, 8.300000e+01
-5.000000e-06, 3.195111e+01, 6.100000e+01, 8.300000e+01
-5.000000e-06, 3.195111e+01, 6.300000e+01, 8.500000e+01
-5.000000e-06, 3.195111e+01, 6.500000e+01, 8.600000e+01
-5.000000e-06, 3.195111e+01, 6.700000e+01, 8.700000e+01
-5.000000e-06, 3.195111e+01, 6.900000e+01, 8.800000e+01
-5.000000e-06, 3.195111e+01, 7.100000e+01, 8.900000e+01
-5.000000e-06, 3.195111e+01, 7.300000e+01, 9.100000e+01
-5.000000e-06, 3.195111e+01, 7.500000e+01, 9.200000e+01
-5.000000e-06, 3.195111e+01, 7.700000e+01, 9.400000e+01
-5.000000e-06, 3.195111e+01, 7.900000e+01, 9.400000e+01
-5.000000e-06, 3.195111e+01, 8.100000e+01, 9.500000e+01
-5.000000e-06, 3.195111e+01, 8.300000e+01, 9.700000e+01
-5.000000e-06, 3.195111e+01, 8.500000e+01, 9.700000e+01
-5.000000e-06, 3.195111e+01, 8.700000e+01, 9.900000e+01
-5.000000e-06, 3.195111e+01, 8.900000e+01, 9.900000e+01
-5.000000e-06, 3.195111e+01, 9.100000e+01, 1.000000e+02
-5.000000e-06, 3.195111e+01, 9.300000e+01, 1.020000e+02
-5.000000e-06, 3.195111e+01, 9.500000e+01, 1.020000e+02
-5.000000e-06, 3.195111e+01, 9.700000e+01, 1.030000e+02
-5.000000e-06, 3.195111e+01, 9.900000e+01, 1.050000e+02
-5.000000e-06, 3.195111e+01, 1.010000e+02, 1.050000e+02
-5.000000e-06, 3.195111e+01, 1.030000e+02, 1.060000e+02
-5.000000e-06, 3.195111e+01, 1.050000e+02, 1.080000e+02
-5.000000e-06, 3.195111e+01, 1.070000e+02, 1.080000e+02
-5.000000e-06, 3.195111e+01, 1.090000e+02, 1.090000e+02
-5.000000e-06, 3.195111e+01, 1.110000e+02, 1.110000e+02
-5.000000e-06, 3.195111e+01, 1.130000e+02, 1.110000e+02
-5.000000e-06, 3.195111e+01, 1.150000e+02, 1.110000e+02
-5.000000e-06, 3.195111e+01, 1.170000e+02, 1.140000e+02
-5.000000e-06, 3.195111e+01, 1.190000e+02, 1.140000e+02
-5.000000e-06, 3.195111e+01, 1.210000e+02, 1.140000e+02
-5.000000e-06, 3.195111e+01, 1.230000e+02, 1.150000e+02
-5.000000e-06, 3.195111e+01, 1.250000e+02, 1.170000e+02
-5.000000e-06, 3.195111e+01, 1.270000e+02, 1.170000e+02
-5.000000e-06, 3.195111e+01, 1.290000e+02, 1.170000e+02
-5.000000e-06, 3.195111e+01, 1.310000e+02, 1.200000e+02
-5.000000e-06, 3.195111e+01, 1.330000e+02, 1.200000e+02
-5.000000e-06, 3.195111e+01, 1.350000e+02, 1.200000e+02
-5.000000e-06, 3.195111e+01, 1.370000e+02, 1.210000e+02
-5.000000e-06, 3.195111e+01, 1.390000e+02, 1.210000e+02
-5.000000e-06, 3.195111e+01, 1.410000e+02, 1.230000e+02
-5.000000e-06, 3.195111e+01, 1.430000e+02, 1.230000e+02
-5.000000e-06, 3.195111e+01, 1.450000e+02, 1.240000e+02
-5.000000e-06, 3.195111e+01, 1.470000e+02, 1.240000e+02
-5.000000e-06, 3.195111e+01, 1.490000e+02, 1.260000e+02
-5.000000e-06, 3.195111e+01, 1.510000e+02, 1.260000e+02
-5.000000e-06, 3.195111e+01, 1.530000e+02, 1.270000e+02
-5.000000e-06, 3.195111e+01, 1.550000e+02, 1.290000e+02
-5.000000e-06, 3.195111e+01, 1.570000e+02, 1.290000e+02
-5.000000e-06, 3.195111e+01, 1.590000e+02, 1.290000e+02
-5.000000e-06, 3.195111e+01, 1.610000e+02, 1.300000e+02
-5.000000e-06, 3.195111e+01, 1.630000e+02, 1.300000e+02
-5.000000e-06, 3.195111e+01, 1.650000e+02, 1.320000e+02
-5.000000e-06, 3.195111e+01, 1.670000e+02, 1.320000e+02
-5.000000e-06, 3.195111e+01, 1.690000e+02, 1.330000e+02
-5.000000e-06, 3.195111e+01, 1.710000e+02, 1.330000e+02
-5.000000e-06, 3.195111e+01, 1.730000e+02, 1.350000e+02
-5.000000e-06, 3.195111e+01, 1.750000e+02, 1.350000e+02
-5.000000e-06, 3.195111e+01, 1.770000e+02, 1.350000e+02
-5.000000e-06, 3.195111e+01, 1.790000e+02, 1.360000e+02
-5.000000e-06, 3.195111e+01, 1.810000e+02, 1.390000e+02
-5.000000e-06, 3.195111e+01, 1.830000e+02, 1.390000e+02
-5.000000e-06, 3.195111e+01, 1.850000e+02, 1.390000e+02
-5.000000e-06, 3.195111e+01, 1.870000e+02, 1.390000e+02
-5.000000e-06, 3.195111e+01, 1.890000e+02, 1.400000e+02
-5.000000e-06, 3.195111e+01, 1.910000e+02, 1.400000e+02
-5.000000e-06, 3.195111e+01, 1.930000e+02, 1.420000e+02
-5.000000e-06, 3.195111e+01, 1.950000e+02, 1.420000e+02
-5.000000e-06, 3.195111e+01, 1.970000e+02, 1.420000e+02
-5.000000e-06, 3.195111e+01, 1.990000e+02, 1.430000e+02
-5.000000e-06, 3.195111e+01, 2.010000e+02, 1.450000e+02
-5.000000e-06, 3.195111e+01, 2.030000e+02, 1.450000e+02
-5.000000e-06, 3.195111e+01, 2.050000e+02, 1.450000e+02
-5.000000e-06, 3.195111e+01, 2.070000e+02, 1.450000e+02
-5.000000e-06, 3.195111e+01, 2.090000e+02, 1.460000e+02
-5.000000e-06, 3.195111e+01, 2.110000e+02, 1.470000e+02
-5.000000e-06, 3.195111e+01, 2.130000e+02, 1.490000e+02
-5.000000e-06, 3.195111e+01, 2.150000e+02, 1.490000e+02
-5.000000e-06, 3.195111e+01, 2.170000e+02, 1.490000e+02
-5.000000e-06, 3.195111e+01, 2.190000e+02, 1.490000e+02
-5.000000e-06, 3.195111e+01, 2.210000e+02, 1.500000e+02
-5.000000e-06, 3.195111e+01, 2.230000e+02, 1.500000e+02
-5.000000e-06, 3.195111e+01, 2.250000e+02, 1.530000e+02
-5.000000e-06, 3.195111e+01, 2.270000e+02, 1.530000e+02
-5.000000e-06, 3.195111e+01, 2.290000e+02, 1.520000e+02
-5.000000e-06, 3.195111e+01, 2.310000e+02, 1.530000e+02
-5.000000e-06, 3.195111e+01, 2.330000e+02, 1.560000e+02
-5.000000e-06, 3.195111e+01, 2.350000e+02, 1.560000e+02
-5.000000e-06, 3.195111e+01, 2.370000e+02, 1.560000e+02
-5.000000e-06, 3.195111e+01, 2.390000e+02, 1.560000e+02
-5.000000e-06, 3.195111e+01, 2.410000e+02, 1.560000e+02
-5.000000e-06, 3.195111e+01, 2.430000e+02, 1.560000e+02
-5.000000e-06, 3.195111e+01, 2.450000e+02, 1.570000e+02
-5.000000e-06, 3.195111e+01, 2.470000e+02, 1.600000e+02
-5.000000e-06, 3.195111e+01, 2.490000e+02, 1.600000e+02
-5.000000e-06, 3.195111e+01, 2.510000e+02, 1.600000e+02
-5.000000e-06, 3.195111e+01, 2.530000e+02, 1.600000e+02
-5.000000e-06, 3.195111e+01, 2.550000e+02, 1.600000e+02
-5.000000e-06, 3.195111e+01, 2.570000e+02, 1.600000e+02
-5.000000e-06, 3.195111e+01, 2.590000e+02, 1.610000e+02
-5.000000e-06, 3.195111e+01, 2.610000e+02, 1.630000e+02
-5.000000e-06, 3.195111e+01, 2.630000e+02, 1.630000e+02
-5.000000e-06, 3.195111e+01, 2.650000e+02, 1.630000e+02
-5.000000e-06, 3.195111e+01, 2.670000e+02, 1.630000e+02
-5.000000e-06, 3.195111e+01, 2.690000e+02, 1.640000e+02
-5.000000e-06, 3.195111e+01, 2.710000e+02, 1.640000e+02
-5.000000e-06, 3.195111e+01, 2.730000e+02, 1.650000e+02
-5.000000e-06, 3.195111e+01, 2.750000e+02, 1.670000e+02
-5.000000e-06, 3.195111e+01, 2.770000e+02, 1.670000e+02
-5.000000e-06, 3.195111e+01, 2.790000e+02, 1.670000e+02
-5.000000e-06, 3.195111e+01, 2.810000e+02, 1.670000e+02
-5.000000e-06, 3.195111e+01, 2.830000e+02, 1.680000e+02
-5.000000e-06, 3.195111e+01, 2.850000e+02, 1.680000e+02
-5.000000e-06, 3.195111e+01, 2.870000e+02, 1.710000e+02
-5.000000e-06, 3.195111e+01, 2.890000e+02, 1.710000e+02
-5.000000e-06, 3.195111e+01, 2.910000e+02, 1.710000e+02
-5.000000e-06, 3.195111e+01, 2.930000e+02, 1.710000e+02
-5.000000e-06, 3.195111e+01, 2.950000e+02, 1.710000e+02
-5.000000e-06, 3.195111e+01, 2.970000e+02, 1.710000e+02
-5.000000e-06, 3.195111e+01, 2.990000e+02, 1.720000e+02
-5.000000e-06, 3.195111e+01, 3.010000e+02, 1.720000e+02
-5.000000e-06, 3.195111e+01, 3.030000e+02, 1.750000e+02
-5.000000e-06, 3.195111e+01, 3.050000e+02, 1.750000e+02
-5.000000e-06, 3.195111e+01, 3.070000e+02, 1.750000e+02
-5.000000e-06, 3.195111e+01, 3.090000e+02, 1.750000e+02
-5.000000e-06, 3.195111e+01, 3.110000e+02, 1.750000e+02
-5.000000e-06, 3.195111e+01, 3.130000e+02, 1.760000e+02
-5.000000e-06, 3.195111e+01, 3.150000e+02, 1.760000e+02
-5.000000e-06, 3.195111e+01, 3.170000e+02, 1.790000e+02
-5.000000e-06, 3.195111e+01, 3.190000e+02, 1.790000e+02
-5.000000e-06, 3.195111e+01, 3.210000e+02, 1.790000e+02
-5.000000e-06, 3.195111e+01, 3.230000e+02, 1.790000e+02
-5.000000e-06, 3.195111e+01, 3.250000e+02, 1.790000e+02
-5.000000e-06, 3.195111e+01, 3.270000e+02, 1.790000e+02
-5.000000e-06, 3.195111e+01, 3.290000e+02, 1.800000e+02
-5.000000e-06, 3.195111e+01, 3.310000e+02, 1.800000e+02
-5.000000e-06, 3.195111e+01, 3.330000e+02, 1.830000e+02
-5.000000e-06, 3.195111e+01, 3.350000e+02, 1.830000e+02
-5.000000e-06, 3.195111e+01, 3.370000e+02, 1.830000e+02
-5.000000e-06, 3.195111e+01, 3.390000e+02, 1.830000e+02
-5.000000e-06, 3.195111e+01, 3.410000e+02, 1.830000e+02
-5.000000e-06, 3.195111e+01, 3.430000e+02, 1.830000e+02
-5.000000e-06, 3.195111e+01, 3.450000e+02, 1.840000e+02
-5.000000e-06, 3.195111e+01, 3.470000e+02, 1.840000e+02
-5.000000e-06, 3.195111e+01, 3.490000e+02, 1.850000e+02
-5.000000e-06, 3.195111e+01, 3.510000e+02, 1.850000e+02
-5.000000e-06, 3.195111e+01, 3.530000e+02, 1.880000e+02
-5.000000e-06, 3.195111e+01, 3.550000e+02, 1.870000e+02
-5.000000e-06, 3.195111e+01, 3.570000e+02, 1.870000e+02
-5.000000e-06, 3.195111e+01, 3.590000e+02, 1.870000e+02
-5.000000e-06, 3.195111e+01, 3.610000e+02, 1.870000e+02
-5.000000e-06, 3.195111e+01, 3.630000e+02, 1.880000e+02
-5.000000e-05, 4.000000e+00, 1.000000e+00, 2.400000e+01
-5.000000e-05, 4.000000e+00, 1.600000e+01, 8.500000e+01
-5.000000e-05, 4.000000e+00, 3.100000e+01, 1.150000e+02
-5.000000e-05, 4.000000e+00, 4.600000e+01, 1.370000e+02
-5.000000e-05, 4.000000e+00, 6.100000e+01, 1.550000e+02
-5.000000e-05, 4.000000e+00, 7.600000e+01, 1.710000e+02
-5.000000e-05, 4.000000e+00, 9.100000e+01, 1.870000e+02
-5.000000e-05, 4.000000e+00, 1.060000e+02, 1.990000e+02
-5.000000e-05, 4.000000e+00, 1.210000e+02, 2.110000e+02
-5.000000e-05, 4.000000e+00, 1.360000e+02, 2.230000e+02
-5.000000e-05, 5.333333e+00, 1.000000e+00, 2.400000e+01
-5.000000e-05, 5.333333e+00, 1.600000e+01, 8.500000e+01
-5.000000e-05, 5.333333e+00, 3.100000e+01, 1.150000e+02
-5.000000e-05, 5.333333e+00, 4.600000e+01, 1.370000e+02
-5.000000e-05, 5.333333e+00, 6.100000e+01, 1.550000e+02
-5.000000e-05, 5.333333e+00, 7.600000e+01, 1.710000e+02
-5.000000e-05, 5.333333e+00, 9.100000e+01, 1.870000e+02
-5.000000e-05, 5.333333e+00, 1.060000e+02, 1.990000e+02
-5.000000e-05, 5.333333e+00, 1.210000e+02, 2.110000e+02
-5.000000e-05, 5.333333e+00, 1.360000e+02, 2.230000e+02
-5.000000e-05, 5.333333e+00, 1.510000e+02, 2.350000e+02
-5.000000e-05, 5.333333e+00, 1.660000e+02, 2.450000e+02
-5.000000e-05, 5.333333e+00, 1.810000e+02, 2.550000e+02
-5.000000e-05, 8.000000e+00, 1.000000e+00, 2.400000e+01
-5.000000e-05, 8.000000e+00, 1.600000e+01, 8.500000e+01
-5.000000e-05, 8.000000e+00, 3.100000e+01, 1.150000e+02
-5.000000e-05, 8.000000e+00, 4.600000e+01, 1.370000e+02
-5.000000e-05, 8.000000e+00, 6.100000e+01, 1.550000e+02
-5.000000e-05, 8.000000e+00, 7.600000e+01, 1.710000e+02
-5.000000e-05, 8.000000e+00, 9.100000e+01, 1.870000e+02
-5.000000e-05, 8.000000e+00, 1.060000e+02, 1.990000e+02
-5.000000e-05, 8.000000e+00, 1.210000e+02, 2.110000e+02
-5.000000e-05, 8.000000e+00, 1.360000e+02, 2.230000e+02
-5.000000e-05, 8.000000e+00, 1.510000e+02, 2.350000e+02
-5.000000e-05, 8.000000e+00, 1.660000e+02, 2.450000e+02
-5.000000e-05, 8.000000e+00, 1.810000e+02, 2.550000e+02
-5.000000e-05, 8.000000e+00, 1.960000e+02, 2.630000e+02
-5.000000e-05, 8.000000e+00, 2.110000e+02, 2.730000e+02
-5.000000e-05, 8.000000e+00, 2.260000e+02, 2.810000e+02
-5.000000e-05, 8.000000e+00, 2.410000e+02, 2.910000e+02
-5.000000e-05, 8.000000e+00, 2.560000e+02, 2.990000e+02
-5.000000e-05, 8.000000e+00, 2.710000e+02, 3.070000e+02
-5.000000e-05, 8.000000e+00, 2.860000e+02, 3.130000e+02
-5.000000e-05, 1.200000e+01, 1.000000e+00, 2.400000e+01
-5.000000e-05, 1.200000e+01, 1.600000e+01, 8.500000e+01
-5.000000e-05, 1.200000e+01, 3.100000e+01, 1.150000e+02
-5.000000e-05, 1.200000e+01, 4.600000e+01, 1.370000e+02
-5.000000e-05, 1.200000e+01, 6.100000e+01, 1.550000e+02
-5.000000e-05, 1.200000e+01, 7.600000e+01, 1.710000e+02
-5.000000e-05, 1.200000e+01, 9.100000e+01, 1.870000e+02
-5.000000e-05, 1.200000e+01, 1.060000e+02, 1.990000e+02
-5.000000e-05, 1.200000e+01, 1.210000e+02, 2.110000e+02
-5.000000e-05, 1.200000e+01, 1.360000e+02, 2.230000e+02
-5.000000e-05, 1.200000e+01, 1.510000e+02, 2.350000e+02
-5.000000e-05, 1.200000e+01, 1.660000e+02, 2.450000e+02
-5.000000e-05, 1.200000e+01, 1.810000e+02, 2.550000e+02
-5.000000e-05, 1.200000e+01, 1.960000e+02, 2.630000e+02
-5.000000e-05, 1.200000e+01, 2.110000e+02, 2.730000e+02
-5.000000e-05, 1.200000e+01, 2.260000e+02, 2.810000e+02
-5.000000e-05, 1.200000e+01, 2.410000e+02, 2.910000e+02
-5.000000e-05, 1.200000e+01, 2.560000e+02, 2.990000e+02
-5.000000e-05, 1.200000e+01, 2.710000e+02, 3.070000e+02
-5.000000e-05, 1.200000e+01, 2.860000e+02, 3.130000e+02
-5.000000e-05, 1.200000e+01, 3.010000e+02, 3.210000e+02
-5.000000e-05, 1.200000e+01, 3.160000e+02, 3.290000e+02
-5.000000e-05, 1.200000e+01, 3.310000e+02, 3.350000e+02
-5.000000e-05, 1.200000e+01, 3.460000e+02, 3.430000e+02
-5.000000e-05, 1.200000e+01, 3.610000e+02, 3.490000e+02
-5.000000e-05, 1.200000e+01, 3.760000e+02, 3.550000e+02
-5.000000e-05, 1.200000e+01, 3.910000e+02, 3.610000e+02
-5.000000e-05, 1.200000e+01, 4.060000e+02, 3.690000e+02
-5.000000e-05, 1.200000e+01, 4.210000e+02, 3.750000e+02
-5.000000e-05, 1.600000e+01, 1.000000e+00, 2.400000e+01
-5.000000e-05, 1.600000e+01, 1.600000e+01, 8.500000e+01
-5.000000e-05, 1.600000e+01, 3.100000e+01, 1.150000e+02
-5.000000e-05, 1.600000e+01, 4.600000e+01, 1.370000e+02
-5.000000e-05, 1.600000e+01, 6.100000e+01, 1.550000e+02
-5.000000e-05, 1.600000e+01, 7.600000e+01, 1.710000e+02
-5.000000e-05, 1.600000e+01, 9.100000e+01, 1.870000e+02
-5.000000e-05, 1.600000e+01, 1.060000e+02, 1.990000e+02
-5.000000e-05, 1.600000e+01, 1.210000e+02, 2.110000e+02
-5.000000e-05, 1.600000e+01, 1.360000e+02, 2.230000e+02
-5.000000e-05, 1.600000e+01, 1.510000e+02, 2.350000e+02
-5.000000e-05, 1.600000e+01, 1.660000e+02, 2.450000e+02
-5.000000e-05, 1.600000e+01, 1.810000e+02, 2.550000e+02
-5.000000e-05, 1.600000e+01, 1.960000e+02, 2.630000e+02
-5.000000e-05, 1.600000e+01, 2.110000e+02, 2.730000e+02
-5.000000e-05, 1.600000e+01, 2.260000e+02, 2.810000e+02
-5.000000e-05, 1.600000e+01, 2.410000e+02, 2.910000e+02
-5.000000e-05, 1.600000e+01, 2.560000e+02, 2.990000e+02
-5.000000e-05, 1.600000e+01, 2.710000e+02, 3.070000e+02
-5.000000e-05, 1.600000e+01, 2.860000e+02, 3.130000e+02
-5.000000e-05, 1.600000e+01, 3.010000e+02, 3.210000e+02
-5.000000e-05, 1.600000e+01, 3.160000e+02, 3.290000e+02
-5.000000e-05, 1.600000e+01, 3.310000e+02, 3.350000e+02
-5.000000e-05, 1.600000e+01, 3.460000e+02, 3.430000e+02
-5.000000e-05, 1.600000e+01, 3.610000e+02, 3.490000e+02
-5.000000e-05, 1.600000e+01, 3.760000e+02, 3.550000e+02
-5.000000e-05, 1.600000e+01, 3.910000e+02, 3.610000e+02
-5.000000e-05, 1.600000e+01, 4.060000e+02, 3.690000e+02
-5.000000e-05, 1.600000e+01, 4.210000e+02, 3.750000e+02
-5.000000e-05, 1.600000e+01, 4.360000e+02, 3.810000e+02
-5.000000e-05, 1.600000e+01, 4.510000e+02, 3.870000e+02
-5.000000e-05, 1.600000e+01, 4.660000e+02, 3.930000e+02
-5.000000e-05, 1.600000e+01, 4.810000e+02, 3.970000e+02
-5.000000e-05, 1.600000e+01, 4.960000e+02, 4.030000e+02
-5.000000e-05, 1.600000e+01, 5.110000e+02, 4.090000e+02
-5.000000e-05, 1.600000e+01, 5.260000e+02, 4.150000e+02
-5.000000e-05, 1.600000e+01, 5.410000e+02, 4.190000e+02
-5.000000e-05, 1.600000e+01, 5.560000e+02, 4.250000e+02
-5.000000e-05, 1.600000e+01, 5.710000e+02, 4.310000e+02
-5.000000e-05, 2.000000e+01, 1.000000e+00, 2.400000e+01
-5.000000e-05, 2.000000e+01, 1.600000e+01, 8.500000e+01
-5.000000e-05, 2.000000e+01, 3.100000e+01, 1.150000e+02
-5.000000e-05, 2.000000e+01, 4.600000e+01, 1.370000e+02
-5.000000e-05, 2.000000e+01, 6.100000e+01, 1.550000e+02
-5.000000e-05, 2.000000e+01, 7.600000e+01, 1.710000e+02
-5.000000e-05, 2.000000e+01, 9.100000e+01, 1.870000e+02
-5.000000e-05, 2.000000e+01, 1.060000e+02, 1.990000e+02
-5.000000e-05, 2.000000e+01, 1.210000e+02, 2.110000e+02
-5.000000e-05, 2.000000e+01, 1.360000e+02, 2.230000e+02
-5.000000e-05, 2.000000e+01, 1.510000e+02, 2.350000e+02
-5.000000e-05, 2.000000e+01, 1.660000e+02, 2.450000e+02
-5.000000e-05, 2.000000e+01, 1.810000e+02, 2.550000e+02
-5.000000e-05, 2.000000e+01, 1.960000e+02, 2.630000e+02
-5.000000e-05, 2.000000e+01, 2.110000e+02, 2.730000e+02
-5.000000e-05, 2.000000e+01, 2.260000e+02, 2.810000e+02
-5.000000e-05, 2.000000e+01, 2.410000e+02, 2.910000e+02
-5.000000e-05, 2.000000e+01, 2.560000e+02, 2.990000e+02
-5.000000e-05, 2.000000e+01, 2.710000e+02, 3.070000e+02
-5.000000e-05, 2.000000e+01, 2.860000e+02, 3.130000e+02
-5.000000e-05, 2.000000e+01, 3.010000e+02, 3.210000e+02
-5.000000e-05, 2.000000e+01, 3.160000e+02, 3.290000e+02
-5.000000e-05, 2.000000e+01, 3.310000e+02, 3.350000e+02
-5.000000e-05, 2.000000e+01, 3.460000e+02, 3.430000e+02
-5.000000e-05, 2.000000e+01, 3.610000e+02, 3.490000e+02
-5.000000e-05, 2.000000e+01, 3.760000e+02, 3.550000e+02
-5.000000e-05, 2.000000e+01, 3.910000e+02, 3.610000e+02
-5.000000e-05, 2.000000e+01, 4.060000e+02, 3.690000e+02
-5.000000e-05, 2.000000e+01, 4.210000e+02, 3.750000e+02
-5.000000e-05, 2.000000e+01, 4.360000e+02, 3.810000e+02
-5.000000e-05, 2.000000e+01, 4.510000e+02, 3.870000e+02
-5.000000e-05, 2.000000e+01, 4.660000e+02, 3.930000e+02
-5.000000e-05, 2.000000e+01, 4.810000e+02, 3.970000e+02
-5.000000e-05, 2.000000e+01, 4.960000e+02, 4.030000e+02
-5.000000e-05, 2.000000e+01, 5.110000e+02, 4.090000e+02
-5.000000e-05, 2.000000e+01, 5.260000e+02, 4.150000e+02
-5.000000e-05, 2.000000e+01, 5.410000e+02, 4.190000e+02
-5.000000e-05, 2.000000e+01, 5.560000e+02, 4.250000e+02
-5.000000e-05, 2.000000e+01, 5.710000e+02, 4.310000e+02
-5.000000e-05, 2.000000e+01, 5.860000e+02, 4.350000e+02
-5.000000e-05, 2.000000e+01, 6.010000e+02, 4.410000e+02
-5.000000e-05, 2.000000e+01, 6.160000e+02, 4.450000e+02
-5.000000e-05, 2.000000e+01, 6.310000e+02, 4.510000e+02
-5.000000e-05, 2.000000e+01, 6.460000e+02, 4.550000e+02
-5.000000e-05, 2.000000e+01, 6.610000e+02, 4.590000e+02
-5.000000e-05, 2.000000e+01, 6.760000e+02, 4.650000e+02
-5.000000e-05, 2.000000e+01, 6.910000e+02, 4.690000e+02
-5.000000e-05, 2.000000e+01, 7.060000e+02, 4.750000e+02
-5.000000e-05, 2.400000e+01, 1.000000e+00, 2.400000e+01
-5.000000e-05, 2.400000e+01, 1.600000e+01, 8.500000e+01
-5.000000e-05, 2.400000e+01, 3.100000e+01, 1.150000e+02
-5.000000e-05, 2.400000e+01, 4.600000e+01, 1.370000e+02
-5.000000e-05, 2.400000e+01, 6.100000e+01, 1.550000e+02
-5.000000e-05, 2.400000e+01, 7.600000e+01, 1.710000e+02
-5.000000e-05, 2.400000e+01, 9.100000e+01, 1.870000e+02
-5.000000e-05, 2.400000e+01, 1.060000e+02, 1.990000e+02
-5.000000e-05, 2.400000e+01, 1.210000e+02, 2.110000e+02
-5.000000e-05, 2.400000e+01, 1.360000e+02, 2.230000e+02
-5.000000e-05, 2.400000e+01, 1.510000e+02, 2.350000e+02
-5.000000e-05, 2.400000e+01, 1.660000e+02, 2.450000e+02
-5.000000e-05, 2.400000e+01, 1.810000e+02, 2.550000e+02
-5.000000e-05, 2.400000e+01, 1.960000e+02, 2.630000e+02
-5.000000e-05, 2.400000e+01, 2.110000e+02, 2.730000e+02
-5.000000e-05, 2.400000e+01, 2.260000e+02, 2.810000e+02
-5.000000e-05, 2.400000e+01, 2.410000e+02, 2.910000e+02
-5.000000e-05, 2.400000e+01, 2.560000e+02, 2.990000e+02
-5.000000e-05, 2.400000e+01, 2.710000e+02, 3.070000e+02
-5.000000e-05, 2.400000e+01, 2.860000e+02, 3.130000e+02
-5.000000e-05, 2.400000e+01, 3.010000e+02, 3.210000e+02
-5.000000e-05, 2.400000e+01, 3.160000e+02, 3.290000e+02
-5.000000e-05, 2.400000e+01, 3.310000e+02, 3.350000e+02
-5.000000e-05, 2.400000e+01, 3.460000e+02, 3.430000e+02
-5.000000e-05, 2.400000e+01, 3.610000e+02, 3.490000e+02
-5.000000e-05, 2.400000e+01, 3.760000e+02, 3.550000e+02
-5.000000e-05, 2.400000e+01, 3.910000e+02, 3.610000e+02
-5.000000e-05, 2.400000e+01, 4.060000e+02, 3.690000e+02
-5.000000e-05, 2.400000e+01, 4.210000e+02, 3.750000e+02
-5.000000e-05, 2.400000e+01, 4.360000e+02, 3.810000e+02
-5.000000e-05, 2.400000e+01, 4.510000e+02, 3.870000e+02
-5.000000e-05, 2.400000e+01, 4.660000e+02, 3.930000e+02
-5.000000e-05, 2.400000e+01, 4.810000e+02, 3.970000e+02
-5.000000e-05, 2.400000e+01, 4.960000e+02, 4.030000e+02
-5.000000e-05, 2.400000e+01, 5.110000e+02, 4.090000e+02
-5.000000e-05, 2.400000e+01, 5.260000e+02, 4.150000e+02
-5.000000e-05, 2.400000e+01, 5.410000e+02, 4.190000e+02
-5.000000e-05, 2.400000e+01, 5.560000e+02, 4.250000e+02
-5.000000e-05, 2.400000e+01, 5.710000e+02, 4.310000e+02
-5.000000e-05, 2.400000e+01, 5.860000e+02, 4.350000e+02
-5.000000e-05, 2.400000e+01, 6.010000e+02, 4.410000e+02
-5.000000e-05, 2.400000e+01, 6.160000e+02, 4.450000e+02
-5.000000e-05, 2.400000e+01, 6.310000e+02, 4.510000e+02
-5.000000e-05, 2.400000e+01, 6.460000e+02, 4.550000e+02
-5.000000e-05, 2.400000e+01, 6.610000e+02, 4.590000e+02
-5.000000e-05, 2.400000e+01, 6.760000e+02, 4.650000e+02
-5.000000e-05, 2.400000e+01, 6.910000e+02, 4.690000e+02
-5.000000e-05, 2.400000e+01, 7.060000e+02, 4.750000e+02
-5.000000e-05, 2.400000e+01, 7.210000e+02, 4.790000e+02
-5.000000e-05, 2.400000e+01, 7.360000e+02, 4.830000e+02
-5.000000e-05, 2.400000e+01, 7.510000e+02, 4.870000e+02
-5.000000e-05, 2.400000e+01, 7.660000e+02, 4.930000e+02
-5.000000e-05, 2.400000e+01, 7.810000e+02, 4.970000e+02
-5.000000e-05, 2.400000e+01, 7.960000e+02, 5.010000e+02
-5.000000e-05, 2.400000e+01, 8.110000e+02, 5.050000e+02
-5.000000e-05, 2.400000e+01, 8.260000e+02, 5.090000e+02
-5.000000e-05, 2.400000e+01, 8.410000e+02, 5.130000e+02
-5.000000e-05, 2.400000e+01, 8.560000e+02, 5.170000e+02
-5.000000e-05, 2.800000e+01, 1.000000e+00, 2.400000e+01
-5.000000e-05, 2.800000e+01, 1.600000e+01, 8.500000e+01
-5.000000e-05, 2.800000e+01, 3.100000e+01, 1.150000e+02
-5.000000e-05, 2.800000e+01, 4.600000e+01, 1.370000e+02
-5.000000e-05, 2.800000e+01, 6.100000e+01, 1.550000e+02
-5.000000e-05, 2.800000e+01, 7.600000e+01, 1.710000e+02
-5.000000e-05, 2.800000e+01, 9.100000e+01, 1.870000e+02
-5.000000e-05, 2.800000e+01, 1.060000e+02, 1.990000e+02
-5.000000e-05, 2.800000e+01, 1.210000e+02, 2.110000e+02
-5.000000e-05, 2.800000e+01, 1.360000e+02, 2.230000e+02
-5.000000e-05, 2.800000e+01, 1.510000e+02, 2.350000e+02
-5.000000e-05, 2.800000e+01, 1.660000e+02, 2.450000e+02
-5.000000e-05, 2.800000e+01, 1.810000e+02, 2.550000e+02
-5.000000e-05, 2.800000e+01, 1.960000e+02, 2.630000e+02
-5.000000e-05, 2.800000e+01, 2.110000e+02, 2.730000e+02
-5.000000e-05, 2.800000e+01, 2.260000e+02, 2.810000e+02
-5.000000e-05, 2.800000e+01, 2.410000e+02, 2.910000e+02
-5.000000e-05, 2.800000e+01, 2.560000e+02, 2.990000e+02
-5.000000e-05, 2.800000e+01, 2.710000e+02, 3.070000e+02
-5.000000e-05, 2.800000e+01, 2.860000e+02, 3.130000e+02
-5.000000e-05, 2.800000e+01, 3.010000e+02, 3.210000e+02
-5.000000e-05, 2.800000e+01, 3.160000e+02, 3.290000e+02
-5.000000e-05, 2.800000e+01, 3.310000e+02, 3.350000e+02
-5.000000e-05, 2.800000e+01, 3.460000e+02, 3.430000e+02
-5.000000e-05, 2.800000e+01, 3.610000e+02, 3.490000e+02
-5.000000e-05, 2.800000e+01, 3.760000e+02, 3.550000e+02
-5.000000e-05, 2.800000e+01, 3.910000e+02, 3.610000e+02
-5.000000e-05, 2.800000e+01, 4.060000e+02, 3.690000e+02
-5.000000e-05, 2.800000e+01, 4.210000e+02, 3.750000e+02
-5.000000e-05, 2.800000e+01, 4.360000e+02, 3.810000e+02
-5.000000e-05, 2.800000e+01, 4.510000e+02, 3.870000e+02
-5.000000e-05, 2.800000e+01, 4.660000e+02, 3.930000e+02
-5.000000e-05, 2.800000e+01, 4.810000e+02, 3.970000e+02
-5.000000e-05, 2.800000e+01, 4.960000e+02, 4.030000e+02
-5.000000e-05, 2.800000e+01, 5.110000e+02, 4.090000e+02
-5.000000e-05, 2.800000e+01, 5.260000e+02, 4.150000e+02
-5.000000e-05, 2.800000e+01, 5.410000e+02, 4.190000e+02
-5.000000e-05, 2.800000e+01, 5.560000e+02, 4.250000e+02
-5.000000e-05, 2.800000e+01, 5.710000e+02, 4.310000e+02
-5.000000e-05, 2.800000e+01, 5.860000e+02, 4.350000e+02
-5.000000e-05, 2.800000e+01, 6.010000e+02, 4.410000e+02
-5.000000e-05, 2.800000e+01, 6.160000e+02, 4.450000e+02
-5.000000e-05, 2.800000e+01, 6.310000e+02, 4.510000e+02
-5.000000e-05, 2.800000e+01, 6.460000e+02, 4.550000e+02
-5.000000e-05, 2.800000e+01, 6.610000e+02, 4.590000e+02
-5.000000e-05, 2.800000e+01, 6.760000e+02, 4.650000e+02
-5.000000e-05, 2.800000e+01, 6.910000e+02, 4.690000e+02
-5.000000e-05, 2.800000e+01, 7.060000e+02, 4.750000e+02
-5.000000e-05, 2.800000e+01, 7.210000e+02, 4.790000e+02
-5.000000e-05, 2.800000e+01, 7.360000e+02, 4.830000e+02
-5.000000e-05, 2.800000e+01, 7.510000e+02, 4.870000e+02
-5.000000e-05, 2.800000e+01, 7.660000e+02, 4.930000e+02
-5.000000e-05, 2.800000e+01, 7.810000e+02, 4.970000e+02
-5.000000e-05, 2.800000e+01, 7.960000e+02, 5.010000e+02
-5.000000e-05, 2.800000e+01, 8.110000e+02, 5.050000e+02
-5.000000e-05, 2.800000e+01, 8.260000e+02, 5.090000e+02
-5.000000e-05, 2.800000e+01, 8.410000e+02, 5.130000e+02
-5.000000e-05, 2.800000e+01, 8.560000e+02, 5.170000e+02
-5.000000e-05, 2.800000e+01, 8.710000e+02, 5.210000e+02
-5.000000e-05, 2.800000e+01, 8.860000e+02, 5.250000e+02
-5.000000e-05, 2.800000e+01, 9.010000e+02, 5.290000e+02
-5.000000e-05, 2.800000e+01, 9.160000e+02, 5.330000e+02
-5.000000e-05, 2.800000e+01, 9.310000e+02, 5.370000e+02
-5.000000e-05, 2.800000e+01, 9.460000e+02, 5.410000e+02
-5.000000e-05, 2.800000e+01, 9.610000e+02, 5.450000e+02
-5.000000e-05, 2.800000e+01, 9.760000e+02, 5.490000e+02
-5.000000e-05, 2.800000e+01, 9.910000e+02, 5.530000e+02
-5.000000e-05, 2.800000e+01, 1.006000e+03, 5.570000e+02
-5.000000e-05, 3.200000e+01, 1.000000e+00, 2.400000e+01
-5.000000e-05, 3.200000e+01, 1.600000e+01, 8.500000e+01
-5.000000e-05, 3.200000e+01, 3.100000e+01, 1.150000e+02
-5.000000e-05, 3.200000e+01, 4.600000e+01, 1.370000e+02
-5.000000e-05, 3.200000e+01, 6.100000e+01, 1.550000e+02
-5.000000e-05, 3.200000e+01, 7.600000e+01, 1.710000e+02
-5.000000e-05, 3.200000e+01, 9.100000e+01, 1.870000e+02
-5.000000e-05, 3.200000e+01, 1.060000e+02, 1.990000e+02
-5.000000e-05, 3.200000e+01, 1.210000e+02, 2.110000e+02
-5.000000e-05, 3.200000e+01, 1.360000e+02, 2.230000e+02
-5.000000e-05, 3.200000e+01, 1.510000e+02, 2.350000e+02
-5.000000e-05, 3.200000e+01, 1.660000e+02, 2.450000e+02
-5.000000e-05, 3.200000e+01, 1.810000e+02, 2.550000e+02
-5.000000e-05, 3.200000e+01, 1.960000e+02, 2.630000e+02
-5.000000e-05, 3.200000e+01, 2.110000e+02, 2.730000e+02
-5.000000e-05, 3.200000e+01, 2.260000e+02, 2.810000e+02
-5.000000e-05, 3.200000e+01, 2.410000e+02, 2.910000e+02
-5.000000e-05, 3.200000e+01, 2.560000e+02, 2.990000e+02
-5.000000e-05, 3.200000e+01, 2.710000e+02, 3.070000e+02
-5.000000e-05, 3.200000e+01, 2.860000e+02, 3.130000e+02
-5.000000e-05, 3.200000e+01, 3.010000e+02, 3.210000e+02
-5.000000e-05, 3.200000e+01, 3.160000e+02, 3.290000e+02
-5.000000e-05, 3.200000e+01, 3.310000e+02, 3.350000e+02
-5.000000e-05, 3.200000e+01, 3.460000e+02, 3.430000e+02
-5.000000e-05, 3.200000e+01, 3.610000e+02, 3.490000e+02
-5.000000e-05, 3.200000e+01, 3.760000e+02, 3.550000e+02
-5.000000e-05, 3.200000e+01, 3.910000e+02, 3.610000e+02
-5.000000e-05, 3.200000e+01, 4.060000e+02, 3.690000e+02
-5.000000e-05, 3.200000e+01, 4.210000e+02, 3.750000e+02
-5.000000e-05, 3.200000e+01, 4.360000e+02, 3.810000e+02
-5.000000e-05, 3.200000e+01, 4.510000e+02, 3.870000e+02
-5.000000e-05, 3.200000e+01, 4.660000e+02, 3.930000e+02
-5.000000e-05, 3.200000e+01, 4.810000e+02, 3.970000e+02
-5.000000e-05, 3.200000e+01, 4.960000e+02, 4.030000e+02
-5.000000e-05, 3.200000e+01, 5.110000e+02, 4.090000e+02
-5.000000e-05, 3.200000e+01, 5.260000e+02, 4.150000e+02
-5.000000e-05, 3.200000e+01, 5.410000e+02, 4.190000e+02
-5.000000e-05, 3.200000e+01, 5.560000e+02, 4.250000e+02
-5.000000e-05, 3.200000e+01, 5.710000e+02, 4.310000e+02
-5.000000e-05, 3.200000e+01, 5.860000e+02, 4.350000e+02
-5.000000e-05, 3.200000e+01, 6.010000e+02, 4.410000e+02
-5.000000e-05, 3.200000e+01, 6.160000e+02, 4.450000e+02
-5.000000e-05, 3.200000e+01, 6.310000e+02, 4.510000e+02
-5.000000e-05, 3.200000e+01, 6.460000e+02, 4.550000e+02
-5.000000e-05, 3.200000e+01, 6.610000e+02, 4.590000e+02
-5.000000e-05, 3.200000e+01, 6.760000e+02, 4.650000e+02
-5.000000e-05, 3.200000e+01, 6.910000e+02, 4.690000e+02
-5.000000e-05, 3.200000e+01, 7.060000e+02, 4.750000e+02
-5.000000e-05, 3.200000e+01, 7.210000e+02, 4.790000e+02
-5.000000e-05, 3.200000e+01, 7.360000e+02, 4.830000e+02
-5.000000e-05, 3.200000e+01, 7.510000e+02, 4.870000e+02
-5.000000e-05, 3.200000e+01, 7.660000e+02, 4.930000e+02
-5.000000e-05, 3.200000e+01, 7.810000e+02, 4.970000e+02
-5.000000e-05, 3.200000e+01, 7.960000e+02, 5.010000e+02
-5.000000e-05, 3.200000e+01, 8.110000e+02, 5.050000e+02
-5.000000e-05, 3.200000e+01, 8.260000e+02, 5.090000e+02
-5.000000e-05, 3.200000e+01, 8.410000e+02, 5.130000e+02
-5.000000e-05, 3.200000e+01, 8.560000e+02, 5.170000e+02
-5.000000e-05, 3.200000e+01, 8.710000e+02, 5.210000e+02
-5.000000e-05, 3.200000e+01, 8.860000e+02, 5.250000e+02
-5.000000e-05, 3.200000e+01, 9.010000e+02, 5.290000e+02
-5.000000e-05, 3.200000e+01, 9.160000e+02, 5.330000e+02
-5.000000e-05, 3.200000e+01, 9.310000e+02, 5.370000e+02
-5.000000e-05, 3.200000e+01, 9.460000e+02, 5.410000e+02
-5.000000e-05, 3.200000e+01, 9.610000e+02, 5.450000e+02
-5.000000e-05, 3.200000e+01, 9.760000e+02, 5.490000e+02
-5.000000e-05, 3.200000e+01, 9.910000e+02, 5.530000e+02
-5.000000e-05, 3.200000e+01, 1.006000e+03, 5.570000e+02
-5.000000e-05, 3.200000e+01, 1.021000e+03, 5.610000e+02
-5.000000e-05, 3.200000e+01, 1.036000e+03, 5.640000e+02
-5.000000e-05, 3.200000e+01, 1.051000e+03, 5.680000e+02
-5.000000e-05, 3.200000e+01, 1.066000e+03, 5.720000e+02
-5.000000e-05, 3.200000e+01, 1.081000e+03, 5.750000e+02
-5.000000e-05, 3.200000e+01, 1.096000e+03, 5.790000e+02
-5.000000e-05, 3.200000e+01, 1.111000e+03, 5.830000e+02
-5.000000e-05, 3.200000e+01, 1.126000e+03, 5.860000e+02
-5.000000e-05, 3.200000e+01, 1.141000e+03, 5.900000e+02
