3.513333,1,1.229524E-04
3.513333,2,4.093245E-05
3.513333,3,2.561021E-05
3.513333,4,2.027011E-05
3.513333,1,1.222666E-04
3.513333,2,4.071107E-05
3.513333,3,3.11339E-05
3.513333,4,2.007881E-05
3.513333,1,1.218786E-04
3.513333,2,4.096176E-05
3.513333,3,3.040574E-05
3.513333,4,1.995539E-05
3.513333,1,1.199047E-04
3.513333,2,4.094556E-05
3.513333,3,2.601363E-05
3.513333,4,2.041821E-05
3.513333,1,1.211551E-04
3.513333,2,4.098258E-05
3.513333,3,3.073433E-05
3.513333,4,2.029479E-05
3.513333,1,1.208543E-04
3.513333,2,4.082523E-05
3.513333,3,3.091097E-05
3.513333,4,2.026471E-05
3.513333,1,1.216634E-04
3.513333,2,3.994434E-05
3.513333,3,3.079527E-05
3.513333,4,2.071209E-05
3.513333,1,1.213364E-04
3.513333,2,4.068175E-05
3.513333,3,2.58933E-05
3.513333,4,2.026702E-05
3.513333,1,1.229663E-04
3.513333,2,4.168298E-05
3.513333,3,3.047207E-05
3.513333,4,2.010195E-05
3.513333,1,1.20862E-04
3.513333,2,4.151019E-05
3.513333,3,3.081764E-05
3.513333,4,1.977875E-05
5.270000,1,1.224822E-04
5.270000,2,4.028976E-05
5.270000,3,2.748599E-05
5.270000,4,2.174477E-05
5.270000,5,1.744291E-05
5.270000,6,1.362816E-05
5.270000,1,1.214027E-04
5.270000,2,4.0682E-05
5.270000,3,2.739343E-05
5.270000,4,2.194378E-05
5.270000,5,1.739316E-05
5.270000,6,1.36837E-05
5.270000,1,1.223781E-04
5.270000,2,4.09701E-05
5.270000,3,2.658003E-05
5.270000,4,2.2078E-05
5.270000,5,1.716638E-05
5.270000,6,1.340022E-05
5.270000,1,1.200837E-04
5.270000,2,4.142713E-05
5.270000,3,2.726037E-05
5.270000,4,2.228627E-05
5.270000,5,1.74325E-05
5.270000,6,1.353213E-05
5.270000,1,1.236277E-04
5.270000,2,4.207623E-05
5.270000,3,2.75369E-05
5.270000,4,2.176097E-05
5.270000,5,1.717911E-05
5.270000,6,1.380172E-05
5.270000,1,1.19946E-04
5.270000,2,4.170945E-05
5.270000,3,2.679524E-05
5.270000,4,2.259288E-05
5.270000,5,1.765002E-05
5.270000,6,1.377395E-05
5.270000,1,1.227263E-04
5.270000,2,4.15706E-05
5.270000,3,2.722797E-05
5.270000,4,2.167651E-05
5.270000,5,1.758523E-05
5.270000,6,1.377626E-05
5.270000,1,1.226615E-04
5.270000,2,4.128134E-05
5.270000,3,2.717128E-05
5.270000,4,2.202478E-05
5.270000,5,1.588785E-05
5.270000,6,1.366171E-05
5.270000,1,1.224301E-04
5.270000,2,4.17025E-05
5.270000,3,2.7265E-05
5.270000,4,2.232329E-05
5.270000,5,1.575826E-05
5.270000,6,1.344419E-05
5.270000,1,1.22289E-04
5.270000,2,4.112746E-05
5.270000,3,2.681491E-05
5.270000,4,2.227007E-05
5.270000,5,1.598736E-05
5.270000,6,1.339791E-05
7.905000,1,1.330425E-04
7.905000,2,3.827073E-05
7.905000,3,2.506778E-05
7.905000,4,2.129006E-05
7.905000,5,1.664571E-05
7.905000,6,1.428073E-05
7.905000,7,1.159525E-05
7.905000,8,1.01073E-05
7.905000,9,8.673728E-06
7.905000,1,1.060604E-04
7.905000,2,4.756984E-05
7.905000,3,2.530498E-05
7.905000,4,1.971996E-05
7.905000,5,1.852474E-05
7.905000,6,1.531512E-05
7.905000,7,1.156632E-05
7.905000,8,1.008416E-05
7.905000,9,8.661E-06
7.905000,1,1.313486E-04
7.905000,2,4.642784E-05
7.905000,3,2.51615E-05
7.905000,4,2.023484E-05
7.905000,5,1.699745E-05
7.905000,6,1.43999E-05
7.905000,7,1.259261E-05
7.905000,8,1.013622E-05
7.905000,9,8.780175E-06
7.905000,1,1.075877E-04
7.905000,2,4.664074E-05
7.905000,3,2.513142E-05
7.905000,4,2.105171E-05
7.905000,5,1.850276E-05
7.905000,6,1.538454E-05
7.905000,7,1.153508E-05
7.905000,8,1.031441E-05
7.905000,9,9.236048E-06
7.905000,1,1.092434E-04
7.905000,2,4.643132E-05
7.905000,3,2.548547E-05
7.905000,4,2.015848E-05
7.905000,5,1.837548E-05
7.905000,6,1.426337E-05
7.905000,7,1.162417E-05
7.905000,8,1.030168E-05
7.905000,9,9.202494E-06
7.905000,1,1.083293E-04
7.905000,2,4.61004E-05
7.905000,3,2.857014E-05
7.905000,4,2.092559E-05
7.905000,5,1.838242E-05
7.905000,6,1.525033E-05
7.905000,7,1.257988E-05
7.905000,8,1.016631E-05
7.905000,9,9.158526E-06
7.905000,1,1.066748E-04
7.905000,2,4.671479E-05
7.905000,3,2.931411E-05
7.905000,4,2.020013E-05
7.905000,5,1.838937E-05
7.905000,6,1.444734E-05
7.905000,7,1.251393E-05
7.905000,8,1.019986E-05
7.905000,9,8.858854E-06
7.905000,1,1.066215E-04
7.905000,2,3.830429E-05
7.905000,3,2.912667E-05
7.905000,4,2.158163E-05
7.905000,5,1.825399E-05
7.905000,6,1.523991E-05
7.905000,7,1.24422E-05
7.905000,8,1.03387E-05
7.905000,9,9.153898E-06
7.905000,1,1.082958E-04
7.905000,2,4.60171E-05
7.905000,3,2.887096E-05
7.905000,4,2.035517E-05
7.905000,5,1.682737E-05
7.905000,6,1.433164E-05
7.905000,7,1.15802E-05
7.905000,8,1.030052E-05
7.905000,9,9.153898E-06
7.905000,1,1.065267E-04
7.905000,2,3.872892E-05
7.905000,3,2.508861E-05
7.905000,4,2.092791E-05
7.905000,5,1.664687E-05
7.905000,6,1.424255E-05
7.905000,7,1.173178E-05
7.905000,8,1.026697E-05
7.905000,9,8.788274E-06
11.418333,1,1.293205E-04
11.418333,2,4.480433E-05
11.418333,3,2.851788E-05
11.418333,4,2.043404E-05
11.418333,5,1.658651E-05
11.418333,6,1.375408E-05
11.418333,7,1.197379E-05
11.418333,8,1.127494E-05
11.418333,9,9.303349E-06
11.418333,10,8.265101E-06
11.418333,11,7.154345E-06
11.418333,12,6.453952E-06
11.418333,13,6.057474E-06
11.418333,1,1.125172E-04
11.418333,2,4.485061E-05
11.418333,3,2.827875E-05
11.418333,4,2.019647E-05
11.418333,5,1.756459E-05
11.418333,6,1.350571E-05
11.418333,7,1.264487E-05
11.418333,8,1.137984E-05
11.418333,9,9.613434E-06
11.418333,10,8.212648E-06
11.418333,11,7.098807E-06
11.418333,12,6.507947E-06
11.418333,13,6.13461E-06
11.418333,1,1.116348E-04
11.418333,2,4.526406E-05
11.418333,3,2.679466E-05
11.418333,4,2.009002E-05
11.418333,5,1.766333E-05
11.418333,6,1.371089E-05
11.418333,7,1.196916E-05
11.418333,8,1.087692E-05
11.418333,9,9.420595E-06
11.418333,10,8.149397E-06
11.418333,11,7.069496E-06
11.418333,12,6.486349E-06
11.418333,13,6.129982E-06
11.418333,1,1.136635E-04
11.418333,2,4.426129E-05
11.418333,3,2.833892E-05
11.418333,4,2.087372E-05
11.418333,5,1.692282E-05
11.418333,6,1.352576E-05
11.418333,7,1.19923E-05
11.418333,8,1.112375E-05
11.418333,9,9.443736E-06
11.418333,10,8.073804E-06
11.418333,11,7.205255E-06
11.418333,12,6.49252E-06
11.418333,13,6.133067E-06
11.418333,1,1.12022E-04
11.418333,2,4.46408E-05
11.418333,3,2.859655E-05
11.418333,4,2.025355E-05
11.418333,5,1.662508E-05
11.418333,6,1.370009E-05
11.418333,7,1.196608E-05
11.418333,8,1.126414E-05
11.418333,9,9.291007E-06
11.418333,10,7.982784E-06
11.418333,11,7.145089E-06
11.418333,12,6.449324E-06
11.418333,13,6.085243E-06
11.418333,1,1.139843E-04
11.418333,2,4.470868E-05
11.418333,3,2.824173E-05
11.418333,4,2.088452E-05
11.418333,5,1.757539E-05
11.418333,6,1.3697E-05
11.418333,7,1.192442E-05
11.418333,8,1.140453E-05
11.418333,9,9.614977E-06
11.418333,10,8.218819E-06
11.418333,11,7.088008E-06
11.418333,12,6.501776E-06
11.418333,13,6.020449E-06
11.418333,1,1.108958E-04
11.418333,2,4.547695E-05
11.418333,3,2.856879E-05
11.418333,4,2.088143E-05
11.418333,5,1.772195E-05
11.418333,6,1.339309E-05
11.418333,7,1.191517E-05
11.418333,8,1.134899E-05
11.418333,9,9.372771E-06
11.418333,10,8.046035E-06
11.418333,11,7.205255E-06
11.418333,12,6.515661E-06
11.418333,13,6.045132E-06
11.418333,1,1.116379E-04
11.418333,2,3.933231E-05
11.418333,3,2.668513E-05
11.418333,4,1.991261E-05
11.418333,5,1.769727E-05
11.418333,6,1.345325E-05
11.418333,7,1.255231E-05
11.418333,8,1.12626E-05
11.418333,9,9.545555E-06
11.418333,10,8.149397E-06
11.418333,11,7.217597E-06
11.418333,12,6.503319E-06
11.418333,13,6.13461E-06
11.418333,1,1.289163E-04
11.418333,2,4.491232E-05
11.418333,3,2.855336E-05
11.418333,4,2.006688E-05
11.418333,5,1.772966E-05
11.418333,6,1.371243E-05
11.418333,7,1.252145E-05
11.418333,8,1.07427E-05
11.418333,9,9.648917E-06
11.418333,10,8.228076E-06
11.418333,11,7.19137E-06
11.418333,12,6.501776E-06
11.418333,13,6.04359E-06
11.418333,1,1.11823E-04
11.418333,2,3.935237E-05
11.418333,3,2.849165E-05
11.418333,4,2.066237E-05
11.418333,5,1.784691E-05
11.418333,6,1.342857E-05
11.418333,7,1.248443E-05
11.418333,8,1.125797E-05
11.418333,9,9.59955E-06
11.418333,10,7.947301E-06
11.418333,11,7.182114E-06
11.418333,12,6.409213E-06
11.418333,13,6.097585E-06
15.810000,1,1.215462E-04
15.810000,2,4.11956E-05
15.810000,3,2.702512E-05
15.810000,4,2.098676E-05
15.810000,5,1.696698E-05
15.810000,6,1.356606E-05
15.810000,7,1.225544E-05
15.810000,8,1.036527E-05
15.810000,9,9.015315E-06
15.810000,10,8.683321E-06
15.810000,11,8.029744E-06
15.810000,12,7.154066E-06
15.810000,13,6.429926E-06
15.810000,14,5.72198E-06
15.810000,15,5.25233E-06
15.810000,16,4.905298E-06
15.810000,17,4.650808E-06
15.810000,18,4.441432E-06
15.810000,1,1.226718E-04
15.810000,2,4.099432E-05
15.810000,3,2.720327E-05
15.810000,4,2.085026E-05
15.810000,5,1.692302E-05
15.810000,6,1.358804E-05
15.810000,7,1.233525E-05
15.810000,8,1.028661E-05
15.810000,9,8.965573E-06
15.810000,10,8.686791E-06
15.810000,11,7.989257E-06
15.810000,12,7.149439E-06
15.810000,13,6.345481E-06
15.810000,14,5.817993E-06
15.810000,15,5.189865E-06
15.810000,16,4.859027E-06
15.810000,17,4.569834E-06
15.810000,18,4.457627E-06
15.810000,1,1.21751E-04
15.810000,2,4.095036E-05
15.810000,3,2.723334E-05
15.810000,4,2.07369E-05
15.810000,5,1.681544E-05
15.810000,6,1.356375E-05
15.810000,7,1.224618E-05
15.810000,8,1.02681E-05
15.810000,9,8.994493E-06
15.810000,10,8.734219E-06
15.810000,11,8.0309E-06
15.810000,12,7.196867E-06
15.810000,13,6.347795E-06
15.810000,14,5.785603E-06
15.810000,15,5.207216E-06
15.810000,16,4.920336E-06
15.810000,17,4.67163E-06
15.810000,18,4.431021E-06
15.810000,1,1.210083E-04
15.810000,2,4.089831E-05
15.810000,3,2.716509E-05
15.810000,4,2.087224E-05
15.810000,5,1.688369E-05
15.810000,6,1.355565E-05
15.810000,7,1.221264E-05
15.810000,8,1.027967E-05
15.810000,9,9.050018E-06
15.810000,10,8.734219E-06
15.810000,11,7.963808E-06
15.810000,12,7.130931E-06
15.810000,13,6.434553E-06
15.810000,14,5.733548E-06
15.810000,15,5.318266E-06
15.810000,16,4.874065E-06
15.810000,17,4.590656E-06
15.810000,18,4.432178E-06
15.810000,1,1.216018E-04
15.810000,2,4.097812E-05
15.810000,3,2.724954E-05
15.810000,4,2.08734E-05
15.810000,5,1.693112E-05
15.810000,6,1.354177E-05
15.810000,7,1.216637E-05
15.810000,8,1.025075E-05
15.810000,9,8.962103E-06
15.810000,10,8.734219E-06
15.810000,11,8.062133E-06
15.810000,12,7.176045E-06
15.810000,13,6.372087E-06
15.810000,14,5.734705E-06
15.810000,15,5.28819E-06
15.810000,16,4.88679E-06
15.810000,17,4.608007E-06
15.810000,18,4.436805E-06
15.810000,1,1.220865E-04
15.810000,2,4.098507E-05
15.810000,3,2.738257E-05
15.810000,4,2.059115E-05
15.810000,5,1.678305E-05
15.810000,6,1.350822E-05
15.810000,7,1.231212E-05
15.810000,8,1.013854E-05
15.810000,9,8.904264E-06
15.810000,10,8.743473E-06
15.810000,11,8.0309E-06
15.810000,12,7.207278E-06
15.810000,13,6.387125E-06
15.810000,14,5.723137E-06
15.810000,15,5.273152E-06
15.810000,16,4.91918E-06
15.810000,17,4.634613E-06
15.810000,18,4.433335E-06
15.810000,1,1.217232E-04
15.810000,2,4.081849E-05
15.810000,3,2.724954E-05
15.810000,4,2.069641E-05
15.810000,5,1.680503E-05
15.810000,6,1.347005E-05
15.810000,7,1.22751E-05
15.810000,8,1.032363E-05
15.810000,9,8.919302E-06
15.810000,10,8.720337E-06
15.810000,11,7.908282E-06
15.810000,12,7.26396E-06
15.810000,13,6.232118E-06
15.810000,14,5.661828E-06
15.810000,15,5.340245E-06
15.810000,16,4.924963E-06
15.810000,17,4.660062E-06
15.810000,18,4.42408E-06
15.810000,1,1.217672E-04
15.810000,2,4.08798E-05
15.810000,3,2.70633E-05
15.810000,4,2.065708E-05
15.810000,5,1.696698E-05
15.810000,6,1.347468E-05
15.810000,7,1.218603E-05
15.810000,8,1.029239E-05
15.810000,9,8.922773E-06
15.810000,10,8.656715E-06
15.810000,11,7.967278E-06
15.810000,12,7.164477E-06
15.810000,13,6.411417E-06
15.810000,14,5.748586E-06
15.810000,15,5.221097E-06
15.810000,16,4.894887E-06
15.810000,17,4.651965E-06
15.810000,18,4.442589E-06
15.810000,1,1.219812E-04
15.810000,2,4.107414E-05
15.810000,3,2.745544E-05
15.810000,4,2.075772E-05
15.810000,5,1.692418E-05
15.810000,6,1.351979E-05
15.810000,7,1.234451E-05
15.810000,8,1.034098E-05
15.810000,9,8.915832E-06
15.810000,10,8.656715E-06
15.810000,11,7.981159E-06
15.810000,12,7.157536E-06
15.810000,13,6.344325E-06
15.810000,14,5.775192E-06
15.810000,15,5.218784E-06
15.810000,16,4.896044E-06
15.810000,17,4.662376E-06
15.810000,18,4.431021E-06
15.810000,1,1.207631E-04
15.810000,2,4.070513E-05
15.810000,3,2.74485E-05
15.810000,4,2.075772E-05
15.810000,5,1.674372E-05
15.810000,6,1.345617E-05
15.810000,7,1.221611E-05
15.810000,8,1.038609E-05
15.810000,9,9.099759E-06
15.810000,10,8.803625E-06
15.810000,11,8.080642E-06
15.810000,12,7.19918E-06
15.810000,13,6.337384E-06
15.810000,14,5.767095E-06
15.810000,15,5.204903E-06
15.810000,16,4.918023E-06
15.810000,17,4.581402E-06
15.810000,18,4.457627E-06
19.323333,1,1.225528E-04
19.323333,2,4.091239E-05
19.323333,3,2.773067E-05
19.323333,4,2.064421E-05
19.323333,5,1.669872E-05
19.323333,6,1.40468E-05
19.323333,7,1.180986E-05
19.323333,8,1.070759E-05
19.323333,9,9.386258E-06
19.323333,10,8.294016E-06
19.323333,11,7.310536E-06
19.323333,12,7.223373E-06
19.323333,13,6.910973E-06
19.323333,14,6.392621E-06
19.323333,15,5.830302E-06
19.323333,16,5.293437E-06
19.323333,17,4.852221E-06
19.323333,18,4.47657E-06
19.323333,19,4.150286E-06
19.323333,20,3.889568E-06
19.323333,21,3.670502E-06
19.323333,22,3.517002E-06
19.323333,1,1.220399E-04
19.323333,2,4.105201E-05
19.323333,3,2.683744E-05
19.323333,4,2.06743E-05
19.323333,5,1.679206E-05
19.323333,6,1.414399E-05
19.323333,7,1.1553E-05
19.323333,8,1.069139E-05
19.323333,9,9.429454E-06
19.323333,10,8.196825E-06
19.323333,11,7.376873E-06
19.323333,12,7.207946E-06
19.323333,13,6.865463E-06
19.323333,14,6.356367E-06
19.323333,15,5.783249E-06
19.323333,16,5.290352E-06
19.323333,17,4.86842E-06
19.323333,18,4.477342E-06
19.323333,19,4.163399E-06
19.323333,20,3.898053E-06
19.323333,21,3.682844E-06
19.323333,22,3.51546E-06
19.323333,1,1.214814E-04
19.323333,2,4.110369E-05
19.323333,3,2.705342E-05
19.323333,4,2.09165E-05
19.323333,5,1.655294E-05
19.323333,6,1.4063E-05
19.323333,7,1.148358E-05
19.323333,8,1.081173E-05
19.323333,9,9.423283E-06
19.323333,10,8.236936E-06
19.323333,11,7.410041E-06
19.323333,12,7.277368E-06
19.323333,13,6.885518E-06
19.323333,14,6.366395E-06
19.323333,15,5.831073E-06
19.323333,16,5.274925E-06
19.323333,17,4.860706E-06
19.323333,18,4.48197E-06
19.323333,19,4.167256E-06
19.323333,20,3.885711E-06
19.323333,21,3.667417E-06
19.323333,22,3.511603E-06
19.323333,1,1.217722E-04
19.323333,2,4.108132E-05
19.323333,3,2.701871E-05
19.323333,4,2.069358E-05
19.323333,5,1.650588E-05
19.323333,6,1.4063E-05
19.323333,7,1.16016E-05
19.323333,8,1.066517E-05
19.323333,9,9.439481E-06
19.323333,10,8.264705E-06
19.323333,11,7.437039E-06
19.323333,12,7.241885E-06
19.323333,13,6.867006E-06
19.323333,14,6.311629E-06
19.323333,15,5.809475E-06
19.323333,16,5.298837E-06
19.323333,17,4.867648E-06
19.323333,18,4.456515E-06
19.323333,19,4.163399E-06
19.323333,20,3.904995E-06
19.323333,21,3.688244E-06
19.323333,22,3.506203E-06
19.323333,1,1.218678E-04
19.323333,2,4.068715E-05
19.323333,3,2.797905E-05
19.323333,4,2.075297E-05
19.323333,5,1.659922E-05
19.323333,6,1.420955E-05
19.323333,7,1.175278E-05
19.323333,8,1.070451E-05
19.323333,9,9.427911E-06
19.323333,10,8.207624E-06
19.323333,11,7.423154E-06
19.323333,12,7.302822E-06
19.323333,13,6.845408E-06
19.323333,14,6.334769E-06
19.323333,15,5.842644E-06
19.323333,16,5.325834E-06
19.323333,17,4.86842E-06
19.323333,18,4.454972E-06
19.323333,19,4.168799E-06
19.323333,20,3.908852E-06
19.323333,21,3.688244E-06
19.323333,22,3.506203E-06
19.323333,1,1.207478E-04
19.323333,2,4.121862E-05
19.323333,3,2.703876E-05
19.323333,4,2.068201E-05
19.323333,5,1.658533E-05
19.323333,6,1.410233E-05
19.323333,7,1.162242E-05
19.323333,8,1.072996E-05
19.323333,9,9.414027E-06
19.323333,10,8.212252E-06
19.323333,11,7.393843E-06
19.323333,12,7.258084E-06
19.323333,13,6.870091E-06
19.323333,14,6.32397E-06
19.323333,15,5.820274E-06
19.323333,16,5.296523E-06
19.323333,17,4.862249E-06
19.323333,18,4.472714E-06
19.323333,19,4.1526E-06
19.323333,20,3.899595E-06
19.323333,21,3.685158E-06
19.323333,22,3.51546E-06
19.323333,1,1.218578E-04
19.323333,2,4.090699E-05
19.323333,3,2.717529E-05
19.323333,4,2.05933E-05
19.323333,5,1.657068E-05
19.323333,6,1.417176E-05
19.323333,7,1.168644E-05
19.323333,8,1.066748E-05
19.323333,9,9.423283E-06
19.323333,10,8.215338E-06
19.323333,11,7.36993E-06
19.323333,12,7.21026E-06
19.323333,13,6.917144E-06
19.323333,14,6.336312E-06
19.323333,15,5.831845E-06
19.323333,16,5.325063E-06
19.323333,17,4.815196E-06
19.323333,18,4.457286E-06
19.323333,19,4.177284E-06
19.323333,20,3.888796E-06
19.323333,21,3.682844E-06
19.323333,22,3.510831E-06
19.323333,1,1.214251E-04
19.323333,2,4.108286E-05
19.323333,3,2.707656E-05
19.323333,4,2.06095E-05
19.323333,5,1.659227E-05
19.323333,6,1.404525E-05
19.323333,7,1.186309E-05
19.323333,8,1.076004E-05
19.323333,9,9.454908E-06
19.323333,10,8.245421E-06
19.323333,11,7.386129E-06
19.323333,12,7.222601E-06
19.323333,13,6.917915E-06
19.323333,14,6.3178E-06
19.323333,15,5.852671E-06
19.323333,16,5.329691E-06
19.323333,17,4.893103E-06
19.323333,18,4.498168E-06
19.323333,19,4.176512E-06
19.323333,20,3.917337E-06
19.323333,21,3.686701E-06
19.323333,22,3.514688E-06
19.323333,1,1.209592E-04
19.323333,2,4.069332E-05
19.323333,3,2.714444E-05
19.323333,4,2.069435E-05
19.323333,5,1.642643E-05
19.323333,6,1.410388E-05
19.323333,7,1.185151E-05
19.323333,8,1.064048E-05
19.323333,9,9.391657E-06
19.323333,10,8.206081E-06
19.323333,11,7.40927E-06
19.323333,12,7.271197E-06
19.323333,13,6.866234E-06
19.323333,14,6.332455E-06
19.323333,15,5.78402E-06
19.323333,16,5.32352E-06
19.323333,17,4.82291E-06
19.323333,18,4.502025E-06
19.323333,19,4.127146E-06
19.323333,20,3.881083E-06
19.323333,21,3.672045E-06
19.323333,22,3.502346E-06
19.323333,1,1.217452E-04
19.323333,2,4.087074E-05
19.323333,3,2.703876E-05
19.323333,4,2.073986E-05
19.323333,5,1.637321E-05
19.323333,6,1.408151E-05
19.323333,7,1.153449E-05
19.323333,8,1.074616E-05
19.323333,9,9.417112E-06
19.323333,10,8.303272E-06
19.323333,11,7.359131E-06
19.323333,12,7.321335E-06
19.323333,13,6.816868E-06
19.323333,14,6.430418E-06
19.323333,15,5.75548E-06
19.323333,16,5.350518E-06
19.323333,17,4.890018E-06
19.323333,18,4.45343E-06
19.323333,19,4.190397E-06
19.323333,20,3.875683E-06
19.323333,21,3.664331E-06
19.323333,22,3.533972E-06
23.715000,1,1.181653E-04
23.715000,2,4.056745E-05
23.715000,3,2.654416E-05
23.715000,4,2.038294E-05
23.715000,5,1.632521E-05
23.715000,1,1.172246E-04
23.715000,2,4.289541E-05
23.715000,3,2.771509E-05
23.715000,4,2.034013E-05
23.715000,5,1.621761E-05
23.715000,1,1.245267E-04
23.715000,2,4.06415E-05
23.715000,3,2.670036E-05
23.715000,4,2.092791E-05
23.715000,5,1.636918E-05
23.715000,1,1.177395E-04
23.715000,2,4.28121E-05
23.715000,3,2.670846E-05
23.715000,4,2.032046E-05
23.715000,5,1.621761E-05
23.715000,1,1.175845E-04
23.715000,2,4.03534E-05
23.715000,3,2.783773E-05
23.715000,4,2.110378E-05
23.715000,5,1.628472E-05
23.715000,1,1.256108E-04
23.715000,2,4.009191E-05
23.715000,3,2.79812E-05
23.715000,4,2.106791E-05
23.715000,5,1.687828E-05
23.715000,1,1.180693E-04
23.715000,2,4.262698E-05
23.715000,3,2.791988E-05
23.715000,4,2.043732E-05
23.715000,5,1.67429E-05
23.715000,1,1.187508E-04
23.715000,2,4.272301E-05
23.715000,3,2.781459E-05
23.715000,4,2.010757E-05
23.715000,5,1.676142E-05
23.715000,1,1.254755E-04
23.715000,2,4.299029E-05
23.715000,3,2.655573E-05
23.715000,4,2.117204E-05
23.715000,5,1.619794E-05
23.715000,1,1.263131E-04
23.715000,2,3.970315E-05
23.715000,3,2.782847E-05
23.715000,4,2.119402E-05
23.715000,5,1.671745E-05
23.715000,6,1.399491E-05
23.715000,7,1.199208E-05
23.715000,8,1.043124E-05
23.715000,9,9.121864E-06
23.715000,10,8.575743E-06
23.715000,11,7.730337E-06
23.715000,12,6.891102E-06
23.715000,13,6.274403E-06
23.715000,14,5.974731E-06
23.715000,15,5.821231E-06
23.715000,16,5.64729E-06
23.715000,17,5.245414E-06
23.715000,18,4.956927E-06
23.715000,19,4.589376E-06
23.715000,20,4.283919E-06
23.715000,21,4.047112E-06
23.715000,22,3.820719E-06
23.715000,23,3.60474E-06
23.715000,24,3.40033E-06
23.715000,25,3.248373E-06
23.715000,26,3.100658E-06
23.715000,27,2.993054E-06
23.715000,6,1.377391E-05
23.715000,7,1.211627E-05
23.715000,8,1.034369E-05
23.715000,9,8.952937E-06
23.715000,10,8.702632E-06
23.715000,11,7.797831E-06
23.715000,12,6.910771E-06
23.715000,13,6.309114E-06
23.715000,14,5.96586E-06
23.715000,15,5.893353E-06
23.715000,16,5.629935E-06
23.715000,17,5.248114E-06
23.715000,18,4.952684E-06
23.715000,19,4.584747E-06
23.715000,20,4.285076E-06
23.715000,21,4.010473E-06
23.715000,22,3.786008E-06
23.715000,23,3.597026E-06
23.715000,24,3.40573E-06
23.715000,25,3.231018E-06
23.715000,26,3.099887E-06
23.715000,27,2.994983E-06
23.715000,6,1.394091E-05
23.715000,7,1.182971E-05
23.715000,8,1.045631E-05
23.715000,9,8.944837E-06
23.715000,10,8.444227E-06
23.715000,11,7.599978E-06
23.715000,12,6.87876E-06
23.715000,13,6.269003E-06
23.715000,14,5.98013E-06
23.715000,15,5.899909E-06
23.715000,16,5.66426E-06
23.715000,17,5.214945E-06
23.715000,18,4.887505E-06
23.715000,19,4.66034E-06
23.715000,20,4.35874E-06
23.715000,21,3.979233E-06
23.715000,22,3.759782E-06
23.715000,23,3.560001E-06
23.715000,24,3.38606E-06
23.715000,25,3.277685E-06
23.715000,26,3.092559E-06
23.715000,27,2.9649E-06
23.715000,6,1.371297E-05
23.715000,7,1.204646E-05
23.715000,8,1.038727E-05
23.715000,9,9.125335E-06
23.715000,10,8.506707E-06
23.715000,11,7.746921E-06
23.715000,12,6.822066E-06
23.715000,13,6.232364E-06
23.715000,14,5.975117E-06
23.715000,15,5.901066E-06
23.715000,16,5.609494E-06
23.715000,17,5.306351E-06
23.715000,18,4.930701E-06
23.715000,19,4.600175E-06
23.715000,20,4.295489E-06
23.715000,21,4.057526E-06
23.715000,22,3.804521E-06
23.715000,23,3.607825E-06
23.715000,24,3.427328E-06
23.715000,25,3.230632E-06
23.715000,26,3.104515E-06
23.715000,27,3.009638E-06
23.715000,6,1.368443E-05
23.715000,7,1.210045E-05
23.715000,8,1.034446E-05
23.715000,9,8.942909E-06
23.715000,10,8.551831E-06
23.715000,11,7.740751E-06
23.715000,12,6.919642E-06
23.715000,13,6.311814E-06
23.715000,14,5.931921E-06
23.715000,15,5.793848E-06
23.715000,16,5.666574E-06
23.715000,17,5.210703E-06
23.715000,18,4.997423E-06
23.715000,19,4.544637E-06
23.715000,20,4.339456E-06
23.715000,21,3.984632E-06
23.715000,22,3.763253E-06
23.715000,23,3.545345E-06
23.715000,24,3.379504E-06
23.715000,25,3.28617E-06
23.715000,26,3.083689E-06
23.715000,27,3.016581E-06
23.715000,6,1.401188E-05
23.715000,7,1.177533E-05
23.715000,8,1.038072E-05
23.715000,9,9.035086E-06
23.715000,10,8.651722E-06
23.715000,11,7.716453E-06
23.715000,12,6.897658E-06
23.715000,13,6.307571E-06
23.715000,14,6.010985E-06
23.715000,15,5.8463E-06
23.715000,16,5.634563E-06
23.715000,17,5.263926E-06
23.715000,18,4.952299E-06
23.715000,19,4.614059E-06
23.715000,20,4.287004E-06
23.715000,21,4.005845E-06
23.715000,22,3.79295E-06
23.715000,23,3.60474E-06
23.715000,24,3.413443E-06
23.715000,25,3.256087E-06
23.715000,26,3.1157E-06
23.715000,27,2.983027E-06
23.715000,6,1.371336E-05
23.715000,7,1.189219E-05
23.715000,8,1.044744E-05
23.715000,9,9.075582E-06
23.715000,10,8.655965E-06
23.715000,11,7.721467E-06
23.715000,12,6.896887E-06
23.715000,13,6.295229E-06
23.715000,14,6.013684E-06
23.715000,15,5.824317E-06
23.715000,16,5.561284E-06
23.715000,17,5.335277E-06
23.715000,18,4.888662E-06
23.715000,19,4.561607E-06
23.715000,20,4.264635E-06
23.715000,21,4.063311E-06
23.715000,22,3.816091E-06
23.715000,23,3.566557E-06
23.715000,24,3.382203E-06
23.715000,25,3.217133E-06
23.715000,26,3.099501E-06
23.715000,27,3.006167E-06
23.715000,6,1.404119E-05
23.715000,7,1.205687E-05
23.715000,8,1.036837E-05
23.715000,9,8.943295E-06
23.715000,10,8.496679E-06
23.715000,11,7.782404E-06
23.715000,12,6.848677E-06
23.715000,13,6.252419E-06
23.715000,14,5.989001E-06
23.715000,15,5.852085E-06
23.715000,16,5.594452E-06
23.715000,17,5.273183E-06
23.715000,18,4.943042E-06
23.715000,19,4.619458E-06
23.715000,20,4.295875E-06
23.715000,21,4.044412E-06
23.715000,22,3.801435E-06
23.715000,23,3.608211E-06
23.715000,24,3.404958E-06
23.715000,25,3.262257E-06
23.715000,26,3.107986E-06
23.715000,27,3.000768E-06
23.715000,6,1.364047E-05
23.715000,7,1.185285E-05
23.715000,8,1.031477E-05
23.715000,9,9.112222E-06
23.715000,10,8.592328E-06
23.715000,11,7.664386E-06
23.715000,12,6.933912E-06
23.715000,13,6.226579E-06
23.715000,14,6.049167E-06
23.715000,15,5.904152E-06
23.715000,16,5.577483E-06
23.715000,17,5.273954E-06
23.715000,18,4.934557E-06
23.715000,19,4.604803E-06
23.715000,20,4.320944E-06
23.715000,21,4.032456E-06
23.715000,22,3.805292E-06
23.715000,23,3.576971E-06
23.715000,24,3.407272E-06
23.715000,25,3.271514E-06
23.715000,26,3.107986E-06
23.715000,27,2.98187E-06
23.715000,6,1.389501E-05
23.715000,7,1.21182E-05
23.715000,8,1.031322E-05
23.715000,9,8.950237E-06
23.715000,10,8.64748E-06
23.715000,11,7.783947E-06
23.715000,12,6.897658E-06
23.715000,13,6.284045E-06
23.715000,14,6.061509E-06
23.715000,15,5.892967E-06
23.715000,16,5.601009E-06
23.715000,17,5.279739E-06
23.715000,18,4.920673E-06
23.715000,19,4.599789E-06
23.715000,20,4.290861E-06
23.715000,21,4.031299E-06
23.715000,22,3.791408E-06
23.715000,23,3.589698E-06
23.715000,24,3.4146E-06
23.715000,25,3.239117E-06
23.715000,26,3.116857E-06
23.715000,27,2.998839E-06
27.228333,1,1.242629E-04
27.228333,2,4.072032E-05
27.228333,3,2.73959E-05
27.228333,4,2.030173E-05
27.228333,5,1.636318E-05
27.228333,1,1.181329E-04
27.228333,2,4.046655E-05
27.228333,3,2.670862E-05
27.228333,4,2.038889E-05
27.228333,5,1.62174E-05
27.228333,1,1.184862E-04
27.228333,2,4.04704E-05
27.228333,3,2.765971E-05
27.228333,4,2.083088E-05
27.228333,5,1.634081E-05
27.228333,1,1.18254E-04
27.228333,2,4.251604E-05
27.228333,3,2.787106E-05
27.228333,4,2.093733E-05
27.228333,5,1.631613E-05
27.228333,1,1.244558E-04
27.228333,2,4.23664E-05
27.228333,3,2.700097E-05
27.228333,4,2.031484E-05
27.228333,5,1.630224E-05
27.228333,1,1.18315E-04
27.228333,2,4.251373E-05
27.228333,3,2.694003E-05
27.228333,4,2.086482E-05
27.228333,5,1.646192E-05
27.228333,1,1.183929E-04
27.228333,2,4.030533E-05
27.228333,3,2.735502E-05
27.228333,4,2.099749E-05
27.228333,5,1.624439E-05
27.228333,1,1.245043E-04
27.228333,2,4.254227E-05
27.228333,3,2.714367E-05
27.228333,4,2.033876E-05
27.228333,5,1.621971E-05
27.228333,1,1.17684E-04
27.228333,2,4.03115E-05
27.228333,3,2.788726E-05
27.228333,4,2.096047E-05
27.228333,5,1.644263E-05
27.228333,1,1.251963E-04
27.228333,2,4.045498E-05
27.228333,3,2.76921E-05
27.228333,4,2.089645E-05
27.228333,5,1.651437E-05
27.228333,6,1.358988E-05
27.228333,7,1.177719E-05
27.228333,8,1.056211E-05
27.228333,9,9.323886E-06
27.228333,10,8.145058E-06
27.228333,11,7.762657E-06
27.228333,12,7.132844E-06
27.228333,13,6.45347E-06
27.228333,14,5.880158E-06
27.228333,15,5.432192E-06
27.228333,16,5.295469E-06
27.228333,17,5.20252E-06
27.228333,18,4.950479E-06
27.228333,19,4.710201E-06
27.228333,20,4.465488E-06
27.228333,21,4.21229E-06
27.228333,22,3.982039E-06
27.228333,23,3.74369E-06
27.228333,24,3.515753E-06
27.228333,25,3.346247E-06
27.228333,26,3.203932E-06
27.228333,27,3.050817E-06
27.228333,28,2.934149E-06
27.228333,29,2.814396E-06
27.228333,30,2.722797E-06
27.228333,31,2.632548E-06
27.228333,6,1.362228E-05
27.228333,7,1.206201E-05
27.228333,8,1.05409E-05
27.228333,9,9.225731E-06
27.228333,10,8.207345E-06
27.228333,11,7.807396E-06
27.228333,12,7.218079E-06
27.228333,13,6.42493E-06
27.228333,14,5.813629E-06
27.228333,15,5.4212E-06
27.228333,16,5.288912E-06
27.228333,17,5.172437E-06
27.228333,18,4.97362E-06
27.228333,19,4.742598E-06
27.228333,20,4.480722E-06
27.228333,21,4.216339E-06
27.228333,22,3.96854E-06
27.228333,23,3.735205E-06
27.228333,24,3.53658E-06
27.228333,25,3.342969E-06
27.228333,26,3.20316E-06
27.228333,27,3.028834E-06
27.228333,28,2.902524E-06
27.228333,29,2.792798E-06
27.228333,30,2.733596E-06
27.228333,31,2.644504E-06
27.228333,6,1.354553E-05
27.228333,7,1.192915E-05
27.228333,8,1.051197E-05
27.228333,9,9.242315E-06
27.228333,10,8.079686E-06
27.228333,11,7.750701E-06
27.228333,12,7.165819E-06
27.228333,13,6.489724E-06
27.228333,14,5.918726E-06
27.228333,15,5.468253E-06
27.228333,16,5.233953E-06
27.228333,17,5.160867E-06
27.228333,18,4.981526E-06
27.228333,19,4.708658E-06
27.228333,20,4.439262E-06
27.228333,21,4.199562E-06
27.228333,22,3.965069E-06
27.228333,23,3.730769E-06
27.228333,24,3.536194E-06
27.228333,25,3.345283E-06
27.228333,26,3.194675E-06
27.228333,27,3.053517E-06
27.228333,28,2.920458E-06
27.228333,29,2.809382E-06
27.228333,30,2.72434E-06
27.228333,31,2.616157E-06
27.228333,6,1.357503E-05
27.228333,7,1.184854E-05
27.228333,8,1.04761E-05
27.228333,9,9.212232E-06
27.228333,10,8.169549E-06
27.228333,11,7.688029E-06
27.228333,12,7.138822E-06
27.228333,13,6.467162E-06
27.228333,14,5.917183E-06
27.228333,15,5.469603E-06
27.228333,16,5.252466E-06
27.228333,17,5.157974E-06
27.228333,18,4.959928E-06
27.228333,19,4.726207E-06
27.228333,20,4.478408E-06
27.228333,21,4.207661E-06
27.228333,22,3.963527E-06
27.228333,23,3.731348E-06
27.228333,24,3.524431E-06
27.228333,25,3.355696E-06
27.228333,26,3.201425E-06
27.228333,27,3.060074E-06
27.228333,28,2.941092E-06
27.228333,29,2.805333E-06
27.228333,30,2.703899E-06
27.228333,31,2.620014E-06
27.228333,6,1.346222E-05
27.228333,7,1.188518E-05
27.228333,8,1.055189E-05
27.228333,9,9.241736E-06
27.228333,10,8.13773E-06
27.228333,11,7.763622E-06
27.228333,12,7.215765E-06
27.228333,13,6.462919E-06
27.228333,14,5.901563E-06
27.228333,15,5.449162E-06
27.228333,16,5.225083E-06
27.228333,17,5.14544E-06
27.228333,18,4.963014E-06
27.228333,19,4.741248E-06
27.228333,20,4.479565E-06
27.228333,21,4.203033E-06
27.228333,22,3.955813E-06
27.228333,23,3.71997E-06
27.228333,24,3.523853E-06
27.228333,25,3.338341E-06
27.228333,26,3.193326E-06
27.228333,27,3.043104E-06
27.228333,28,2.92605E-06
27.228333,29,2.819988E-06
27.228333,30,2.719519E-06
27.228333,31,2.623099E-06
27.228333,6,1.355498E-05
27.228333,7,1.198893E-05
27.228333,8,1.058313E-05
27.228333,9,9.327164E-06
27.228333,10,8.20291E-06
27.228333,11,7.72139E-06
27.228333,12,7.205737E-06
27.228333,13,6.50573E-06
27.228333,14,5.831563E-06
27.228333,15,5.405195E-06
27.228333,16,5.287563E-06
27.228333,17,5.089131E-06
27.228333,18,4.93968E-06
27.228333,19,4.734885E-06
27.228333,20,4.481879E-06
27.228333,21,4.230802E-06
27.228333,22,3.953113E-06
27.228333,23,3.768952E-06
27.228333,24,3.557214E-06
27.228333,25,3.369002E-06
27.228333,26,3.202196E-06
27.228333,27,3.037126E-06
27.228333,28,2.923157E-06
27.228333,29,2.82828E-06
27.228333,30,2.711805E-06
27.228333,31,2.629077E-06
27.228333,6,1.367839E-05
27.228333,7,1.198218E-05
27.228333,8,1.039087E-05
27.228333,9,9.347412E-06
27.228333,10,8.162414E-06
27.228333,11,7.828416E-06
27.228333,12,7.119345E-06
27.228333,13,6.506694E-06
27.228333,14,5.928175E-06
27.228333,15,5.414644E-06
27.228333,16,5.251694E-06
27.228333,17,5.136569E-06
27.228333,18,4.971691E-06
27.228333,19,4.700752E-06
27.228333,20,4.484772E-06
27.228333,21,4.20959E-06
27.228333,22,3.965841E-06
27.228333,23,3.735205E-06
27.228333,24,3.543329E-06
27.228333,25,3.352033E-06
27.228333,26,3.192747E-06
27.228333,27,3.055831E-06
27.228333,28,2.929521E-06
27.228333,29,2.824038E-06
27.228333,30,2.720097E-06
27.228333,31,2.619821E-06
27.228333,6,1.370134E-05
27.228333,7,1.183253E-05
27.228333,8,1.049134E-05
27.228333,9,9.208375E-06
27.228333,10,8.118832E-06
27.228333,11,7.747037E-06
27.228333,12,7.204966E-06
27.228333,13,6.510165E-06
27.228333,14,5.86126E-06
27.228333,15,5.432578E-06
27.228333,16,5.243209E-06
27.228333,17,5.143704E-06
27.228333,18,4.965713E-06
27.228333,19,4.715986E-06
27.228333,20,4.488628E-06
27.228333,21,4.201298E-06
27.228333,22,3.980111E-06
27.228333,23,3.74234E-06
27.228333,24,3.535423E-06
27.228333,25,3.344705E-06
27.228333,26,3.190819E-06
27.228333,27,3.056795E-06
27.228333,28,2.928364E-06
27.228333,29,2.811696E-06
27.228333,30,2.725111E-06
27.228333,31,2.622714E-06
27.228333,6,1.350233E-05
27.228333,7,1.181306E-05
27.228333,8,1.040957E-05
27.228333,9,9.370553E-06
27.228333,10,8.131367E-06
27.228333,11,7.824366E-06
27.228333,12,7.08984E-06
27.228333,13,6.524049E-06
27.228333,14,5.891729E-06
27.228333,15,5.446077E-06
27.228333,16,5.215826E-06
27.228333,17,5.100315E-06
27.228333,18,4.919818E-06
27.228333,19,4.686482E-06
27.228333,20,4.421906E-06
27.228333,21,4.257028E-06
27.228333,22,3.923994E-06
27.228333,23,3.784957E-06
27.228333,24,3.505918E-06
27.228333,25,3.384622E-06
27.228333,26,3.169414E-06
27.228333,27,3.078393E-06
27.228333,28,2.909852E-06
27.228333,29,2.835223E-06
27.228333,30,2.72839E-06
27.228333,31,2.614229E-06
27.228333,6,1.359856E-05
27.228333,7,1.201072E-05
27.228333,8,1.047321E-05
27.228333,9,9.338927E-06
27.228333,10,8.134645E-06
27.228333,11,7.67183E-06
27.228333,12,7.195709E-06
27.228333,13,6.513829E-06
27.228333,14,5.862417E-06
27.228333,15,5.44222E-06
27.228333,16,5.258637E-06
27.228333,17,5.137726E-06
27.228333,18,4.970149E-06
27.228333,19,4.730642E-06
27.228333,20,4.476865E-06
27.228333,21,4.227524E-06
27.228333,22,3.95967E-06
27.228333,23,3.72807E-06
27.228333,24,3.537351E-06
27.228333,25,3.342776E-06
27.228333,26,3.186383E-06
27.228333,27,3.042525E-06
27.228333,28,2.927014E-06
27.228333,29,2.811503E-06
27.228333,30,2.710456E-06
27.228333,31,2.623871E-06
31.620000, 1, 1.216017e-04
31.620000, 2, 4.081057e-05
31.620000, 3, 2.713673e-05
31.620000, 4, 2.029247e-05
31.620000, 5, 1.639326e-05
31.620000, 1, 1.215740e-04
31.620000, 2, 4.123405e-05
31.620000, 3, 2.712053e-05
31.620000, 4, 2.026471e-05
31.620000, 5, 1.654291e-05
31.620000, 1, 1.220183e-04
31.620000, 2, 4.080903e-05
31.620000, 3, 2.730102e-05
31.620000, 4, 2.018680e-05
31.620000, 5, 1.647580e-05
31.620000, 1, 1.220267e-04
31.620000, 2, 4.105201e-05
31.620000, 3, 2.706267e-05
31.620000, 4, 2.026162e-05
31.620000, 5, 1.657530e-05
31.620000, 1, 1.216727e-04
31.620000, 2, 4.087536e-05
31.620000, 3, 2.732185e-05
31.620000, 4, 2.027088e-05
31.620000, 5, 1.655062e-05
31.620000, 1, 1.223307e-04
31.620000, 2, 4.087691e-05
31.620000, 3, 2.736119e-05
31.620000, 4, 2.025699e-05
31.620000, 5, 1.620968e-05
31.620000, 1, 1.224988e-04
31.620000, 2, 4.095636e-05
31.620000, 3, 2.697551e-05
31.620000, 4, 2.036421e-05
31.620000, 5, 1.637167e-05
31.620000, 1, 1.222666e-04
31.620000, 2, 4.110986e-05
31.620000, 3, 2.720229e-05
31.620000, 4, 2.023539e-05
31.620000, 5, 1.648737e-05
31.620000, 1, 1.212538e-04
31.620000, 2, 4.141994e-05
31.620000, 3, 2.728328e-05
31.620000, 4, 2.046757e-05
31.620000, 5, 1.630456e-05
31.620000, 1, 1.216064e-04
31.620000, 2, 4.095019e-05
31.620000, 3, 2.721695e-05
31.620000, 4, 2.034724e-05
31.620000, 5, 1.611249e-05
31.620000, 6, 1.351467e-05
31.620000, 7, 1.153884e-05
31.620000, 8, 1.034921e-05
31.620000, 9, 9.098842e-06
31.620000, 10, 8.465365e-06
31.620000, 11, 7.551691e-06
31.620000, 12, 6.784383e-06
31.620000, 13, 6.576502e-06
31.620000, 14, 6.150519e-06
31.620000, 15, 5.616354e-06
31.620000, 16, 5.174751e-06
31.620000, 17, 4.812213e-06
31.620000, 18, 4.530668e-06
31.620000, 19, 4.479758e-06
31.620000, 20, 4.394523e-06
31.620000, 21, 4.258185e-06
31.620000, 22, 4.090993e-06
31.620000, 23, 3.882920e-06
31.620000, 24, 3.686802e-06
31.620000, 25, 3.508618e-06
31.620000, 26, 3.331399e-06
31.620000, 27, 3.181370e-06
31.620000, 28, 3.013985e-06
31.620000, 29, 2.880733e-06
31.620000, 30, 2.767536e-06
31.620000, 31, 2.659546e-06
31.620000, 32, 2.568526e-06
31.620000, 33, 2.475577e-06
31.620000, 34, 2.405962e-06
31.620000, 35, 2.336733e-06
31.620000, 36, 2.268660e-06
31.620000, 6, 1.346762e-05
31.620000, 7, 1.156314e-05
31.620000, 8, 1.038315e-05
31.620000, 9, 9.027492e-06
31.620000, 10, 8.398449e-06
31.620000, 11, 7.456814e-06
31.620000, 12, 6.808102e-06
31.620000, 13, 6.600799e-06
31.620000, 14, 6.142613e-06
31.620000, 15, 5.661285e-06
31.620000, 16, 5.224311e-06
31.620000, 17, 4.852131e-06
31.620000, 18, 4.497113e-06
31.620000, 19, 4.497113e-06
31.620000, 20, 4.397030e-06
31.620000, 21, 4.265513e-06
31.620000, 22, 4.061489e-06
31.620000, 23, 3.913388e-06
31.620000, 24, 3.716113e-06
31.620000, 25, 3.531373e-06
31.620000, 26, 3.314236e-06
31.620000, 27, 3.190433e-06
31.620000, 28, 3.001257e-06
31.620000, 29, 2.910816e-06
31.620000, 30, 2.778335e-06
31.620000, 31, 2.649711e-06
31.620000, 32, 2.560619e-06
31.620000, 33, 2.472877e-06
31.620000, 34, 2.395163e-06
31.620000, 35, 2.319184e-06
31.620000, 36, 2.265575e-06
31.620000, 6, 1.347823e-05
31.620000, 7, 1.171934e-05
31.620000, 8, 1.046820e-05
31.620000, 9, 9.013414e-06
31.620000, 10, 8.414841e-06
31.620000, 11, 7.525658e-06
31.620000, 12, 6.753721e-06
31.620000, 13, 6.580358e-06
31.620000, 14, 6.087654e-06
31.620000, 15, 5.580679e-06
31.620000, 16, 5.139655e-06
31.620000, 17, 4.801607e-06
31.620000, 18, 4.529318e-06
31.620000, 19, 4.491135e-06
31.620000, 20, 4.415542e-06
31.620000, 21, 4.259728e-06
31.620000, 22, 4.089258e-06
31.620000, 23, 3.913003e-06
31.620000, 24, 3.732119e-06
31.620000, 25, 3.534073e-06
31.620000, 26, 3.328313e-06
31.620000, 27, 3.185226e-06
31.620000, 28, 3.006271e-06
31.620000, 29, 2.906573e-06
31.620000, 30, 2.761172e-06
31.620000, 31, 2.657039e-06
31.620000, 32, 2.571418e-06
31.620000, 33, 2.485605e-06
31.620000, 34, 2.399020e-06
31.620000, 35, 2.328440e-06
31.620000, 36, 2.261139e-06
31.620000, 6, 1.354418e-05
31.620000, 7, 1.155697e-05
31.620000, 8, 1.045508e-05
31.620000, 9, 9.025370e-06
31.620000, 10, 8.394978e-06
31.620000, 11, 7.432902e-06
31.620000, 12, 6.797689e-06
31.620000, 13, 6.615648e-06
31.620000, 14, 6.118315e-06
31.620000, 15, 5.621946e-06
31.620000, 16, 5.153925e-06
31.620000, 17, 4.783287e-06
31.620000, 18, 4.551301e-06
31.620000, 19, 4.485929e-06
31.620000, 20, 4.399922e-06
31.620000, 21, 4.244879e-06
31.620000, 22, 4.107963e-06
31.620000, 23, 3.889283e-06
31.620000, 24, 3.697408e-06
31.620000, 25, 3.510932e-06
31.620000, 26, 3.335641e-06
31.620000, 27, 3.170571e-06
31.620000, 28, 3.018227e-06
31.620000, 29, 2.881697e-06
31.620000, 30, 2.765029e-06
31.620000, 31, 2.656075e-06
31.620000, 32, 2.577203e-06
31.620000, 33, 2.466706e-06
31.620000, 34, 2.413290e-06
31.620000, 35, 2.319184e-06
31.620000, 36, 2.251883e-06
31.620000, 6, 1.355748e-05
31.620000, 7, 1.162928e-05
31.620000, 8, 1.047842e-05
31.620000, 9, 8.969447e-06
31.620000, 10, 8.374730e-06
31.620000, 11, 7.545713e-06
31.620000, 12, 6.755650e-06
31.620000, 13, 6.590193e-06
31.620000, 14, 6.125450e-06
31.620000, 15, 5.621175e-06
31.620000, 16, 5.143319e-06
31.620000, 17, 4.812792e-06
31.620000, 18, 4.515819e-06
31.620000, 19, 4.494992e-06
31.620000, 20, 4.385652e-06
31.620000, 21, 4.255486e-06
31.620000, 22, 4.093115e-06
31.620000, 23, 3.876556e-06
31.620000, 24, 3.690852e-06
31.620000, 25, 3.525395e-06
31.620000, 26, 3.327928e-06
31.620000, 27, 3.168642e-06
31.620000, 28, 3.026134e-06
31.620000, 29, 2.896160e-06
31.620000, 30, 2.769657e-06
31.620000, 31, 2.652989e-06
31.620000, 32, 2.554834e-06
31.620000, 33, 2.495054e-06
31.620000, 34, 2.410976e-06
31.620000, 35, 2.339625e-06
31.620000, 36, 2.258633e-06
31.620000, 6, 1.346743e-05
31.620000, 7, 1.159746e-05
31.620000, 8, 1.035635e-05
31.620000, 9, 8.992781e-06
31.620000, 10, 8.459772e-06
31.620000, 11, 7.489211e-06
31.620000, 12, 6.800581e-06
31.620000, 13, 6.590772e-06
31.620000, 14, 6.139913e-06
31.620000, 15, 5.582607e-06
31.620000, 16, 5.208113e-06
31.620000, 17, 4.850588e-06
31.620000, 18, 4.543395e-06
31.620000, 19, 4.466066e-06
31.620000, 20, 4.421135e-06
31.620000, 21, 4.236202e-06
31.620000, 22, 4.063225e-06
31.620000, 23, 3.909724e-06
31.620000, 24, 3.724020e-06
31.620000, 25, 3.529252e-06
31.620000, 26, 3.320985e-06
31.620000, 27, 3.179827e-06
31.620000, 28, 3.038861e-06
31.620000, 29, 2.874562e-06
31.620000, 30, 2.785084e-06
31.620000, 31, 2.646626e-06
31.620000, 32, 2.581639e-06
31.620000, 33, 2.492161e-06
31.620000, 34, 2.382436e-06
31.620000, 35, 2.339625e-06
31.620000, 36, 2.251690e-06
31.620000, 6, 1.360512e-05
31.620000, 7, 1.160363e-05
31.620000, 8, 1.043040e-05
31.620000, 9, 9.033663e-06
31.620000, 10, 8.433160e-06
31.620000, 11, 7.506181e-06
31.620000, 12, 6.792868e-06
31.620000, 13, 6.587686e-06
31.620000, 14, 6.142034e-06
31.620000, 15, 5.625803e-06
31.620000, 16, 5.167616e-06
31.620000, 17, 4.839982e-06
31.620000, 18, 4.503477e-06
31.620000, 19, 4.461631e-06
31.620000, 20, 4.365983e-06
31.620000, 21, 4.288461e-06
31.620000, 22, 4.104878e-06
31.620000, 23, 3.890440e-06
31.620000, 24, 3.692201e-06
31.620000, 25, 3.511704e-06
31.620000, 26, 3.325806e-06
31.620000, 27, 3.176549e-06
31.620000, 28, 3.004150e-06
31.620000, 29, 2.899631e-06
31.620000, 30, 2.755387e-06
31.620000, 31, 2.673430e-06
31.620000, 32, 2.551363e-06
31.620000, 33, 2.492547e-06
31.620000, 34, 2.387835e-06
31.620000, 35, 2.312628e-06
31.620000, 36, 2.271167e-06
31.620000, 6, 1.356250e-05
31.620000, 7, 1.175424e-05
31.620000, 8, 1.039260e-05
31.620000, 9, 9.013607e-06
31.620000, 10, 8.498919e-06
31.620000, 11, 7.466649e-06
31.620000, 12, 6.769148e-06
31.620000, 13, 6.578044e-06
31.620000, 14, 6.110794e-06
31.620000, 15, 5.637373e-06
31.620000, 16, 5.180922e-06
31.620000, 17, 4.816456e-06
31.620000, 18, 4.509069e-06
31.620000, 19, 4.485929e-06
31.620000, 20, 4.384495e-06
31.620000, 21, 4.227524e-06
31.620000, 22, 4.107192e-06
31.620000, 23, 3.870192e-06
31.620000, 24, 3.729805e-06
31.620000, 25, 3.483549e-06
31.620000, 26, 3.313079e-06
31.620000, 27, 3.143380e-06
31.620000, 28, 3.045611e-06
31.620000, 29, 2.872055e-06
31.620000, 30, 2.756158e-06
31.620000, 31, 2.649133e-06
31.620000, 32, 2.556762e-06
31.620000, 33, 2.465357e-06
31.620000, 34, 2.391499e-06
31.620000, 35, 2.315906e-06
31.620000, 36, 2.254390e-06
31.620000, 6, 1.349655e-05
31.620000, 7, 1.168656e-05
31.620000, 8, 1.041189e-05
31.620000, 9, 9.026913e-06
31.620000, 10, 8.463822e-06
31.620000, 11, 7.478026e-06
31.620000, 12, 6.794025e-06
31.620000, 13, 6.601764e-06
31.620000, 14, 6.128728e-06
31.620000, 15, 5.618282e-06
31.620000, 16, 5.160096e-06
31.620000, 17, 4.805657e-06
31.620000, 18, 4.521411e-06
31.620000, 19, 4.490171e-06
31.620000, 20, 4.391245e-06
31.620000, 21, 4.280940e-06
31.620000, 22, 4.102950e-06
31.620000, 23, 3.871349e-06
31.620000, 24, 3.729998e-06
31.620000, 25, 3.496276e-06
31.620000, 26, 3.367653e-06
31.620000, 27, 3.148394e-06
31.620000, 28, 3.009357e-06
31.620000, 29, 2.881118e-06
31.620000, 30, 2.792412e-06
31.620000, 31, 2.679794e-06
31.620000, 32, 2.549820e-06
31.620000, 33, 2.465742e-06
31.620000, 34, 2.385521e-06
31.620000, 35, 2.314942e-06
31.620000, 36, 2.250340e-06
31.620000, 6, 1.363481e-05
31.620000, 7, 1.157857e-05
31.620000, 8, 1.040417e-05
31.620000, 9, 9.001266e-06
31.620000, 10, 8.481563e-06
31.620000, 11, 7.465492e-06
31.620000, 12, 6.863447e-06
31.620000, 13, 6.613720e-06
31.620000, 14, 6.144734e-06
31.620000, 15, 5.626382e-06
31.620000, 16, 5.156817e-06
31.620000, 17, 4.832076e-06
31.620000, 18, 4.534717e-06
31.620000, 19, 4.498849e-06
31.620000, 20, 4.403008e-06
31.620000, 21, 4.248158e-06
31.620000, 22, 4.092922e-06
31.620000, 23, 3.903361e-06
31.620000, 24, 3.716499e-06
31.620000, 25, 3.514403e-06
31.620000, 26, 3.334484e-06
31.620000, 27, 3.180213e-06
31.620000, 28, 3.027676e-06
31.620000, 29, 2.884975e-06
31.620000, 30, 2.770043e-06
31.620000, 31, 2.669574e-06
31.620000, 32, 2.562933e-06
31.620000, 33, 2.487147e-06
31.620000, 34, 2.404998e-06
31.620000, 35, 2.318991e-06
31.620000, 36, 2.264611e-06
